Country of birth/nationality,Variable,Gender,Country,Year,Value
Iran,inflow,Women,Australia,2000,434
Iran,inflow,Women,Australia,2001,439
Iran,inflow,Women,Australia,2002,330
Iran,inflow,Women,Australia,2003,412
Iran,inflow,Women,Australia,2004,410
Iran,inflow,Women,Australia,2005,478
Iran,inflow,Women,Australia,2006,456
Iran,inflow,Women,Australia,2007,477
Iran,inflow,Women,Australia,2008,538
Iran,inflow,Women,Australia,2009,948
Iran,inflow,Women,Australia,2010,866
Iran,inflow,Women,Australia,2011,1469
Iran,inflow,Women,Australia,2012,1985
Iran,inflow,Women,Australia,2013,1926
Iran,inflow,Women,Australia,2014,1420
Iran,inflow,Women,Australia,2015,1832
Iran,inflow,Women,Australia,2016,1368
Iran,inflow,Women,Australia,2017,1376
Iran,inflow,Women,Australia,2018,1294
Iran,inflow,Women,Australia,2019,1106
Iran,outflow,Women,Australia,2000,2
Iran,outflow,Women,Australia,2001,15
Iran,outflow,Women,Australia,2004,104
Iran,outflow,Women,Australia,2005,77
Iran,outflow,Women,Australia,2006,124
Iran,outflow,Women,Australia,2007,113
Iran,outflow,Women,Australia,2008,125
Iran,outflow,Women,Australia,2009,115
Iran,outflow,Women,Australia,2010,100
Iran,outflow,Women,Australia,2011,107
Iran,outflow,Women,Australia,2012,125
Iran,outflow,Women,Australia,2013,141
Iran,outflow,Women,Australia,2014,158
Iran,outflow,Women,Australia,2015,200
Iran,outflow,Women,Australia,2016,200
Iran,inflow,Total,Australia,2000,878
Iran,inflow,Total,Australia,2001,847
Iran,inflow,Total,Australia,2002,632
Iran,inflow,Total,Australia,2003,780
Iran,inflow,Total,Australia,2004,761
Iran,inflow,Total,Australia,2005,987
Iran,inflow,Total,Australia,2006,931
Iran,inflow,Total,Australia,2007,977
Iran,inflow,Total,Australia,2008,1153
Iran,inflow,Total,Australia,2009,2041
Iran,inflow,Total,Australia,2010,1832
Iran,inflow,Total,Australia,2011,2559
Iran,inflow,Total,Australia,2012,3024
Iran,inflow,Total,Australia,2013,3068
Iran,inflow,Total,Australia,2014,2693
Iran,inflow,Total,Australia,2015,3935
Iran,inflow,Total,Australia,2016,2785
Iran,inflow,Total,Australia,2017,2818
Iran,inflow,Total,Australia,2018,2560
Iran,inflow,Total,Australia,2019,2163
Iran,outflow,Total,Australia,2000,5
Iran,outflow,Total,Australia,2001,30
Iran,outflow,Total,Australia,2004,220
Iran,outflow,Total,Australia,2005,208
Iran,outflow,Total,Australia,2006,269
Iran,outflow,Total,Australia,2007,248
Iran,outflow,Total,Australia,2008,264
Iran,outflow,Total,Australia,2009,254
Iran,outflow,Total,Australia,2010,248
Iran,outflow,Total,Australia,2011,264
Iran,outflow,Total,Australia,2012,277
Iran,outflow,Total,Australia,2013,310
Iran,outflow,Total,Australia,2014,397
Iran,outflow,Total,Australia,2015,500
Iran,outflow,Total,Australia,2016,500
Iran,inflow,Women,Austria,2000,1014
Iran,inflow,Women,Austria,2001,460
Iran,inflow,Women,Austria,2002,469
Iran,inflow,Women,Austria,2003,519
Iran,inflow,Women,Austria,2004,455
Iran,inflow,Women,Austria,2005,501
Iran,inflow,Women,Austria,2006,1096
Iran,inflow,Women,Austria,2007,970
Iran,inflow,Women,Austria,2008,840
Iran,inflow,Women,Austria,2009,897
Iran,inflow,Women,Austria,2010,793
Iran,inflow,Women,Austria,2011,631
Iran,inflow,Women,Austria,2012,1114
Iran,inflow,Women,Austria,2013,1253
Iran,inflow,Women,Austria,2014,1241
Iran,inflow,Women,Austria,2015,1682
Iran,inflow,Women,Austria,2016,1784
Iran,inflow,Women,Austria,2017,860
Iran,inflow,Women,Austria,2018,770
Iran,inflow,Women,Austria,2019,640
Iran,outflow,Women,Austria,2000,911
Iran,outflow,Women,Austria,2001,571
Iran,outflow,Women,Austria,2002,352
Iran,outflow,Women,Austria,2003,426
Iran,outflow,Women,Austria,2004,416
Iran,outflow,Women,Austria,2005,433
Iran,outflow,Women,Austria,2006,842
Iran,outflow,Women,Austria,2007,740
Iran,outflow,Women,Austria,2008,788
Iran,outflow,Women,Austria,2009,822
Iran,outflow,Women,Austria,2010,646
Iran,outflow,Women,Austria,2011,551
Iran,outflow,Women,Austria,2012,472
Iran,outflow,Women,Austria,2013,808
Iran,outflow,Women,Austria,2014,955
Iran,outflow,Women,Austria,2015,667
Iran,outflow,Women,Austria,2016,953
Iran,outflow,Women,Austria,2017,736
Iran,outflow,Women,Austria,2018,397
Iran,outflow,Women,Austria,2019,335
Iran,inflow,Total,Austria,2000,2466
Iran,inflow,Total,Austria,2001,1060
Iran,inflow,Total,Austria,2002,1007
Iran,inflow,Total,Austria,2003,1152
Iran,inflow,Total,Austria,2004,1008
Iran,inflow,Total,Austria,2005,1033
Iran,inflow,Total,Austria,2006,2161
Iran,inflow,Total,Austria,2007,2004
Iran,inflow,Total,Austria,2008,1701
Iran,inflow,Total,Austria,2009,1872
Iran,inflow,Total,Austria,2010,1627
Iran,inflow,Total,Austria,2011,1349
Iran,inflow,Total,Austria,2012,2409
Iran,inflow,Total,Austria,2013,2595
Iran,inflow,Total,Austria,2014,2612
Iran,inflow,Total,Austria,2015,4673
Iran,inflow,Total,Austria,2016,4678
Iran,inflow,Total,Austria,2017,1806
Iran,inflow,Total,Austria,2018,1699
Iran,inflow,Total,Austria,2019,1400
Iran,outflow,Total,Austria,2000,2056
Iran,outflow,Total,Austria,2001,1350
Iran,outflow,Total,Austria,2002,810
Iran,outflow,Total,Austria,2003,943
Iran,outflow,Total,Austria,2004,881
Iran,outflow,Total,Austria,2005,902
Iran,outflow,Total,Austria,2006,1722
Iran,outflow,Total,Austria,2007,1506
Iran,outflow,Total,Austria,2008,1657
Iran,outflow,Total,Austria,2009,1649
Iran,outflow,Total,Austria,2010,1373
Iran,outflow,Total,Austria,2011,1108
Iran,outflow,Total,Austria,2012,1007
Iran,outflow,Total,Austria,2013,1679
Iran,outflow,Total,Austria,2014,1982
Iran,outflow,Total,Austria,2015,1399
Iran,outflow,Total,Austria,2016,2396
Iran,outflow,Total,Austria,2017,1726
Iran,outflow,Total,Austria,2018,995
Iran,outflow,Total,Austria,2019,867
Iran,inflow,Women,Belgium,2008,140
Iran,inflow,Women,Belgium,2009,169
Iran,inflow,Women,Belgium,2010,197
Iran,inflow,Women,Belgium,2011,209
Iran,inflow,Women,Belgium,2012,306
Iran,inflow,Women,Belgium,2013,225
Iran,inflow,Women,Belgium,2014,181
Iran,inflow,Women,Belgium,2015,239
Iran,inflow,Women,Belgium,2016,205
Iran,inflow,Women,Belgium,2017,235
Iran,inflow,Women,Belgium,2018,352
Iran,inflow,Women,Belgium,2019,446
Iran,outflow,Women,Belgium,2010,53
Iran,outflow,Women,Belgium,2011,82
Iran,outflow,Women,Belgium,2012,105
Iran,outflow,Women,Belgium,2013,96
Iran,outflow,Women,Belgium,2014,105
Iran,outflow,Women,Belgium,2015,81
Iran,outflow,Women,Belgium,2016,49
Iran,outflow,Women,Belgium,2017,60
Iran,outflow,Women,Belgium,2018,41
Iran,outflow,Women,Belgium,2019,51
Iran,inflow,Total,Belgium,2008,242
Iran,inflow,Total,Belgium,2009,277
Iran,inflow,Total,Belgium,2010,350
Iran,inflow,Total,Belgium,2011,374
Iran,inflow,Total,Belgium,2012,644
Iran,inflow,Total,Belgium,2013,460
Iran,inflow,Total,Belgium,2014,338
Iran,inflow,Total,Belgium,2015,644
Iran,inflow,Total,Belgium,2016,437
Iran,inflow,Total,Belgium,2017,447
Iran,inflow,Total,Belgium,2018,750
Iran,inflow,Total,Belgium,2019,1093
Iran,outflow,Total,Belgium,2010,119
Iran,outflow,Total,Belgium,2011,173
Iran,outflow,Total,Belgium,2012,238
Iran,outflow,Total,Belgium,2013,272
Iran,outflow,Total,Belgium,2014,283
Iran,outflow,Total,Belgium,2015,210
Iran,outflow,Total,Belgium,2016,123
Iran,outflow,Total,Belgium,2017,152
Iran,outflow,Total,Belgium,2018,116
Iran,outflow,Total,Belgium,2019,113
Iran,inflow,Women,Canada,2000,2738
Iran,inflow,Women,Canada,2001,2806
Iran,inflow,Women,Canada,2002,3817
Iran,inflow,Women,Canada,2003,3033
Iran,inflow,Women,Canada,2004,3200
Iran,inflow,Women,Canada,2005,2947
Iran,inflow,Women,Canada,2006,3710
Iran,inflow,Women,Canada,2007,3493
Iran,inflow,Women,Canada,2008,3303
Iran,inflow,Women,Canada,2009,3307
Iran,inflow,Women,Canada,2010,3645
Iran,inflow,Women,Canada,2011,3723
Iran,inflow,Women,Canada,2012,3746
Iran,inflow,Women,Canada,2013,5925
Iran,inflow,Women,Canada,2014,8494
Iran,inflow,Women,Canada,2015,5785
Iran,inflow,Women,Canada,2016,3345
Iran,inflow,Women,Canada,2017,2510
Iran,inflow,Women,Canada,2018,2775
Iran,inflow,Women,Canada,2019,3130
Iran,inflow,Total,Canada,2000,5617
Iran,inflow,Total,Canada,2001,5746
Iran,inflow,Total,Canada,2002,7889
Iran,inflow,Total,Canada,2003,5918
Iran,inflow,Total,Canada,2004,6348
Iran,inflow,Total,Canada,2005,5837
Iran,inflow,Total,Canada,2006,7480
Iran,inflow,Total,Canada,2007,6974
Iran,inflow,Total,Canada,2008,6474
Iran,inflow,Total,Canada,2009,6580
Iran,inflow,Total,Canada,2010,7477
Iran,inflow,Total,Canada,2011,7479
Iran,inflow,Total,Canada,2012,7525
Iran,inflow,Total,Canada,2013,11288
Iran,inflow,Total,Canada,2014,16772
Iran,inflow,Total,Canada,2015,11668
Iran,inflow,Total,Canada,2016,6485
Iran,inflow,Total,Canada,2017,4735
Iran,inflow,Total,Canada,2018,5510
Iran,inflow,Total,Canada,2019,6055
Iran,inflow,Women,Czech Republic,2003,5
Iran,inflow,Women,Czech Republic,2004,6
Iran,inflow,Women,Czech Republic,2005,7
Iran,inflow,Women,Czech Republic,2006,11
Iran,inflow,Women,Czech Republic,2007,23
Iran,inflow,Women,Czech Republic,2008,21
Iran,inflow,Women,Czech Republic,2009,26
Iran,inflow,Women,Czech Republic,2010,37
Iran,inflow,Women,Czech Republic,2011,14
Iran,inflow,Women,Czech Republic,2012,12
Iran,inflow,Women,Czech Republic,2013,25
Iran,inflow,Women,Czech Republic,2014,34
Iran,inflow,Women,Czech Republic,2015,30
Iran,inflow,Women,Czech Republic,2016,42
Iran,inflow,Women,Czech Republic,2017,66
Iran,inflow,Women,Czech Republic,2018,90
Iran,inflow,Women,Czech Republic,2019,118
Iran,outflow,Women,Czech Republic,2003,5
Iran,outflow,Women,Czech Republic,2004,3
Iran,outflow,Women,Czech Republic,2005,5
Iran,outflow,Women,Czech Republic,2006,8
Iran,outflow,Women,Czech Republic,2007,6
Iran,outflow,Women,Czech Republic,2012,4
Iran,outflow,Women,Czech Republic,2013,13
Iran,outflow,Women,Czech Republic,2014,4
Iran,outflow,Women,Czech Republic,2015,12
Iran,outflow,Women,Czech Republic,2016,15
Iran,outflow,Women,Czech Republic,2017,16
Iran,outflow,Women,Czech Republic,2018,21
Iran,outflow,Women,Czech Republic,2019,33
Iran,inflow,Total,Czech Republic,2003,25
Iran,inflow,Total,Czech Republic,2004,16
Iran,inflow,Total,Czech Republic,2005,26
Iran,inflow,Total,Czech Republic,2006,38
Iran,inflow,Total,Czech Republic,2007,68
Iran,inflow,Total,Czech Republic,2008,54
Iran,inflow,Total,Czech Republic,2009,64
Iran,inflow,Total,Czech Republic,2010,79
Iran,inflow,Total,Czech Republic,2011,27
Iran,inflow,Total,Czech Republic,2012,35
Iran,inflow,Total,Czech Republic,2013,58
Iran,inflow,Total,Czech Republic,2014,63
Iran,inflow,Total,Czech Republic,2015,66
Iran,inflow,Total,Czech Republic,2016,73
Iran,inflow,Total,Czech Republic,2017,127
Iran,inflow,Total,Czech Republic,2018,189
Iran,inflow,Total,Czech Republic,2019,241
Iran,outflow,Total,Czech Republic,2003,11
Iran,outflow,Total,Czech Republic,2004,14
Iran,outflow,Total,Czech Republic,2005,12
Iran,outflow,Total,Czech Republic,2006,24
Iran,outflow,Total,Czech Republic,2007,19
Iran,outflow,Total,Czech Republic,2012,11
Iran,outflow,Total,Czech Republic,2013,37
Iran,outflow,Total,Czech Republic,2014,20
Iran,outflow,Total,Czech Republic,2015,29
Iran,outflow,Total,Czech Republic,2016,29
Iran,outflow,Total,Czech Republic,2017,31
Iran,outflow,Total,Czech Republic,2018,50
Iran,outflow,Total,Czech Republic,2019,82
Iran,inflow,Women,Denmark,2007,65
Iran,inflow,Women,Denmark,2008,85
Iran,inflow,Women,Denmark,2009,110
Iran,inflow,Women,Denmark,2010,176
Iran,inflow,Women,Denmark,2011,223
Iran,inflow,Women,Denmark,2012,249
Iran,inflow,Women,Denmark,2013,418
Iran,inflow,Women,Denmark,2014,428
Iran,inflow,Women,Denmark,2015,0
Iran,inflow,Women,Denmark,2016,321
Iran,inflow,Women,Denmark,2017,486
Iran,inflow,Women,Denmark,2018,292
Iran,inflow,Women,Denmark,2019,245
Iran,outflow,Women,Denmark,2006,31
Iran,outflow,Women,Denmark,2007,41
Iran,outflow,Women,Denmark,2008,33
Iran,outflow,Women,Denmark,2009,23
Iran,outflow,Women,Denmark,2010,35
Iran,outflow,Women,Denmark,2011,55
Iran,outflow,Women,Denmark,2012,43
Iran,outflow,Women,Denmark,2013,53
Iran,outflow,Women,Denmark,2014,91
Iran,outflow,Women,Denmark,2015,131
Iran,outflow,Women,Denmark,2016,164
Iran,outflow,Women,Denmark,2017,155
Iran,outflow,Women,Denmark,2019,181
Iran,inflow,Total,Denmark,2000,401
Iran,inflow,Total,Denmark,2001,348
Iran,inflow,Total,Denmark,2002,463
Iran,inflow,Total,Denmark,2003,241
Iran,inflow,Total,Denmark,2004,193
Iran,inflow,Total,Denmark,2005,197
Iran,inflow,Total,Denmark,2006,281
Iran,inflow,Total,Denmark,2007,130
Iran,inflow,Total,Denmark,2008,210
Iran,inflow,Total,Denmark,2009,296
Iran,inflow,Total,Denmark,2010,461
Iran,inflow,Total,Denmark,2011,567
Iran,inflow,Total,Denmark,2012,592
Iran,inflow,Total,Denmark,2013,931
Iran,inflow,Total,Denmark,2014,939
Iran,inflow,Total,Denmark,2015,0
Iran,inflow,Total,Denmark,2016,819
Iran,inflow,Total,Denmark,2017,1273
Iran,inflow,Total,Denmark,2018,624
Iran,inflow,Total,Denmark,2019,543
Iran,outflow,Total,Denmark,2000,72
Iran,outflow,Total,Denmark,2001,72
Iran,outflow,Total,Denmark,2002,46
Iran,outflow,Total,Denmark,2003,67
Iran,outflow,Total,Denmark,2004,82
Iran,outflow,Total,Denmark,2005,52
Iran,outflow,Total,Denmark,2006,45
Iran,outflow,Total,Denmark,2007,66
Iran,outflow,Total,Denmark,2008,70
Iran,outflow,Total,Denmark,2009,48
Iran,outflow,Total,Denmark,2010,85
Iran,outflow,Total,Denmark,2011,108
Iran,outflow,Total,Denmark,2012,107
Iran,outflow,Total,Denmark,2013,134
Iran,outflow,Total,Denmark,2014,221
Iran,outflow,Total,Denmark,2015,304
Iran,outflow,Total,Denmark,2016,404
Iran,outflow,Total,Denmark,2017,381
Iran,outflow,Total,Denmark,2019,411
Iran,inflow,Women,Finland,2000,65
Iran,inflow,Women,Finland,2001,124
Iran,inflow,Women,Finland,2002,94
Iran,inflow,Women,Finland,2003,129
Iran,inflow,Women,Finland,2004,106
Iran,inflow,Women,Finland,2005,103
Iran,inflow,Women,Finland,2006,112
Iran,inflow,Women,Finland,2007,88
Iran,inflow,Women,Finland,2008,108
Iran,inflow,Women,Finland,2009,60
Iran,inflow,Women,Finland,2010,79
Iran,inflow,Women,Finland,2011,104
Iran,inflow,Women,Finland,2012,136
Iran,inflow,Women,Finland,2013,170
Iran,inflow,Women,Finland,2014,193
Iran,inflow,Women,Finland,2015,133
Iran,inflow,Women,Finland,2016,171
Iran,inflow,Women,Finland,2017,156
Iran,inflow,Women,Finland,2018,135
Iran,inflow,Women,Finland,2019,204
Iran,outflow,Women,Finland,2000,12
Iran,outflow,Women,Finland,2001,2
Iran,outflow,Women,Finland,2002,0
Iran,outflow,Women,Finland,2003,2
Iran,outflow,Women,Finland,2004,9
Iran,outflow,Women,Finland,2005,7
Iran,outflow,Women,Finland,2006,7
Iran,outflow,Women,Finland,2007,7
Iran,outflow,Women,Finland,2008,16
Iran,outflow,Women,Finland,2009,10
Iran,outflow,Women,Finland,2010,2
Iran,outflow,Women,Finland,2011,12
Iran,outflow,Women,Finland,2012,17
Iran,outflow,Women,Finland,2013,15
Iran,outflow,Women,Finland,2014,19
Iran,outflow,Women,Finland,2015,9
Iran,outflow,Women,Finland,2016,21
Iran,outflow,Women,Finland,2017,21
Iran,outflow,Women,Finland,2018,21
Iran,outflow,Women,Finland,2019,28000
Iran,inflow,Total,Finland,2000,160
Iran,inflow,Total,Finland,2001,256
Iran,inflow,Total,Finland,2002,237
Iran,inflow,Total,Finland,2003,257
Iran,inflow,Total,Finland,2004,232
Iran,inflow,Total,Finland,2005,215
Iran,inflow,Total,Finland,2006,221
Iran,inflow,Total,Finland,2007,189
Iran,inflow,Total,Finland,2008,231
Iran,inflow,Total,Finland,2009,150
Iran,inflow,Total,Finland,2010,209
Iran,inflow,Total,Finland,2011,268
Iran,inflow,Total,Finland,2012,333
Iran,inflow,Total,Finland,2013,403
Iran,inflow,Total,Finland,2014,414
Iran,inflow,Total,Finland,2015,265
Iran,inflow,Total,Finland,2016,440
Iran,inflow,Total,Finland,2017,337
Iran,inflow,Total,Finland,2018,282
Iran,inflow,Total,Finland,2019,420
Iran,outflow,Total,Finland,2000,23
Iran,outflow,Total,Finland,2001,9
Iran,outflow,Total,Finland,2002,2
Iran,outflow,Total,Finland,2003,6
Iran,outflow,Total,Finland,2004,18
Iran,outflow,Total,Finland,2005,11
Iran,outflow,Total,Finland,2006,16
Iran,outflow,Total,Finland,2007,10
Iran,outflow,Total,Finland,2008,35
Iran,outflow,Total,Finland,2009,15
Iran,outflow,Total,Finland,2010,4
Iran,outflow,Total,Finland,2011,20
Iran,outflow,Total,Finland,2012,35
Iran,outflow,Total,Finland,2013,37
Iran,outflow,Total,Finland,2014,41
Iran,outflow,Total,Finland,2015,27
Iran,outflow,Total,Finland,2016,46
Iran,outflow,Total,Finland,2017,45
Iran,outflow,Total,Finland,2018,51
Iran,outflow,Total,Finland,2019,61000
Iran,inflow,Women,France,2006,296
Iran,inflow,Women,France,2007,251
Iran,inflow,Women,France,2008,193
Iran,inflow,Women,France,2009,267
Iran,inflow,Women,France,2010,314
Iran,inflow,Women,France,2011,270
Iran,inflow,Women,France,2012,297
Iran,inflow,Women,France,2013,310
Iran,inflow,Women,France,2014,262
Iran,inflow,Women,France,2015,241
Iran,inflow,Women,France,2016,325
Iran,inflow,Women,France,2017,419
Iran,inflow,Women,France,2018,537
Iran,inflow,Total,France,2000,488
Iran,inflow,Total,France,2001,502
Iran,inflow,Total,France,2002,510
Iran,inflow,Total,France,2003,503
Iran,inflow,Total,France,2004,479
Iran,inflow,Total,France,2005,379
Iran,inflow,Total,France,2006,529
Iran,inflow,Total,France,2007,461
Iran,inflow,Total,France,2008,405
Iran,inflow,Total,France,2009,478
Iran,inflow,Total,France,2010,599
Iran,inflow,Total,France,2011,542
Iran,inflow,Total,France,2012,567
Iran,inflow,Total,France,2013,576
Iran,inflow,Total,France,2014,404
Iran,inflow,Total,France,2015,441
Iran,inflow,Total,France,2016,566
Iran,inflow,Total,France,2017,792
Iran,inflow,Total,France,2018,1057
Iran,inflow,Total,France,2019,1019
Iran,inflow,Women,Germany,2000,3092
Iran,inflow,Women,Germany,2001,2704
Iran,inflow,Women,Germany,2002,2656
Iran,inflow,Women,Germany,2003,2164
Iran,inflow,Women,Germany,2004,1815
Iran,inflow,Women,Germany,2005,1518
Iran,inflow,Women,Germany,2006,1353
Iran,inflow,Women,Germany,2007,1296
Iran,inflow,Women,Germany,2008,1433
Iran,inflow,Women,Germany,2009,1741
Iran,inflow,Women,Germany,2010,2361
Iran,inflow,Women,Germany,2011,3053
Iran,inflow,Women,Germany,2012,3561
Iran,inflow,Women,Germany,2013,3847
Iran,inflow,Women,Germany,2014,3322
Iran,inflow,Women,Germany,2015,5490
Iran,inflow,Women,Germany,2016,7544
Iran,inflow,Women,Germany,2017,6003
Iran,inflow,Women,Germany,2018,8508
Iran,inflow,Women,Germany,2019,7229
Iran,outflow,Women,Germany,2011,905
Iran,outflow,Women,Germany,2012,953
Iran,outflow,Women,Germany,2013,1087
Iran,outflow,Women,Germany,2014,1041
Iran,outflow,Women,Germany,2015,1098
Iran,outflow,Women,Germany,2016,1823
Iran,outflow,Women,Germany,2017,1497
Iran,outflow,Women,Germany,2018,1691
Iran,outflow,Women,Germany,2019,1752
Iran,inflow,Total,Germany,2000,7753
Iran,inflow,Total,Germany,2001,6740
Iran,inflow,Total,Germany,2002,6105
Iran,inflow,Total,Germany,2003,5017
Iran,inflow,Total,Germany,2004,4219
Iran,inflow,Total,Germany,2005,3377
Iran,inflow,Total,Germany,2006,2851
Iran,inflow,Total,Germany,2007,2632
Iran,inflow,Total,Germany,2008,3257
Iran,inflow,Total,Germany,2009,3951
Iran,inflow,Total,Germany,2010,5695
Iran,inflow,Total,Germany,2011,7175
Iran,inflow,Total,Germany,2012,8215
Iran,inflow,Total,Germany,2013,8250
Iran,inflow,Total,Germany,2014,7122
Iran,inflow,Total,Germany,2015,17187
Iran,inflow,Total,Germany,2016,23009
Iran,inflow,Total,Germany,2017,13676
Iran,inflow,Total,Germany,2018,19400
Iran,inflow,Total,Germany,2019,16183
Iran,outflow,Total,Germany,2000,4233
Iran,outflow,Total,Germany,2001,4624
Iran,outflow,Total,Germany,2002,3950
Iran,outflow,Total,Germany,2003,3703
Iran,outflow,Total,Germany,2004,3780
Iran,outflow,Total,Germany,2005,2939
Iran,outflow,Total,Germany,2006,2330
Iran,outflow,Total,Germany,2007,2007
Iran,outflow,Total,Germany,2008,3189
Iran,outflow,Total,Germany,2009,3510
Iran,outflow,Total,Germany,2010,2861
Iran,outflow,Total,Germany,2011,2370
Iran,outflow,Total,Germany,2012,2579
Iran,outflow,Total,Germany,2013,2759
Iran,outflow,Total,Germany,2014,2628
Iran,outflow,Total,Germany,2015,3115
Iran,outflow,Total,Germany,2016,7269
Iran,outflow,Total,Germany,2017,4857
Iran,outflow,Total,Germany,2018,5059
Iran,outflow,Total,Germany,2019,5145
Iran,inflow,Women,Hungary,2008,176
Iran,inflow,Women,Hungary,2009,182
Iran,inflow,Women,Hungary,2010,174
Iran,inflow,Women,Hungary,2011,175
Iran,inflow,Women,Hungary,2012,140
Iran,inflow,Women,Hungary,2013,124
Iran,inflow,Women,Hungary,2014,158
Iran,inflow,Women,Hungary,2015,231
Iran,inflow,Women,Hungary,2016,308
Iran,inflow,Women,Hungary,2017,471
Iran,inflow,Women,Hungary,2018,358
Iran,inflow,Women,Hungary,2019,215
Iran,outflow,Women,Hungary,2008,17
Iran,outflow,Women,Hungary,2009,23
Iran,outflow,Women,Hungary,2010,60
Iran,outflow,Women,Hungary,2011,37
Iran,outflow,Women,Hungary,2012,23
Iran,outflow,Women,Hungary,2013,46
Iran,outflow,Women,Hungary,2014,61
Iran,outflow,Women,Hungary,2015,56
Iran,outflow,Women,Hungary,2016,52
Iran,outflow,Women,Hungary,2019,32
Iran,inflow,Total,Hungary,2001,0
Iran,inflow,Total,Hungary,2002,0
Iran,inflow,Total,Hungary,2003,0
Iran,inflow,Total,Hungary,2004,0
Iran,inflow,Total,Hungary,2005,188
Iran,inflow,Total,Hungary,2006,433
Iran,inflow,Total,Hungary,2007,232
Iran,inflow,Total,Hungary,2008,476
Iran,inflow,Total,Hungary,2009,454
Iran,inflow,Total,Hungary,2010,403
Iran,inflow,Total,Hungary,2011,433
Iran,inflow,Total,Hungary,2012,351
Iran,inflow,Total,Hungary,2013,279
Iran,inflow,Total,Hungary,2014,349
Iran,inflow,Total,Hungary,2015,492
Iran,inflow,Total,Hungary,2016,623
Iran,inflow,Total,Hungary,2017,1009
Iran,inflow,Total,Hungary,2018,771
Iran,inflow,Total,Hungary,2019,467
Iran,outflow,Total,Hungary,2001,0
Iran,outflow,Total,Hungary,2002,0
Iran,outflow,Total,Hungary,2003,0
Iran,outflow,Total,Hungary,2004,0
Iran,outflow,Total,Hungary,2005,26
Iran,outflow,Total,Hungary,2006,48
Iran,outflow,Total,Hungary,2007,37
Iran,outflow,Total,Hungary,2008,59
Iran,outflow,Total,Hungary,2009,68
Iran,outflow,Total,Hungary,2010,134
Iran,outflow,Total,Hungary,2011,96
Iran,outflow,Total,Hungary,2012,74
Iran,outflow,Total,Hungary,2013,113
Iran,outflow,Total,Hungary,2014,145
Iran,outflow,Total,Hungary,2015,115
Iran,outflow,Total,Hungary,2016,121
Iran,outflow,Total,Hungary,2019,82
Iran,inflow,Women,Iceland,2000,0
Iran,inflow,Women,Iceland,2001,2
Iran,inflow,Women,Iceland,2002,0
Iran,inflow,Women,Iceland,2003,1
Iran,inflow,Women,Iceland,2004,0
Iran,inflow,Women,Iceland,2005,1
Iran,inflow,Women,Iceland,2006,3
Iran,inflow,Women,Iceland,2007,2
Iran,inflow,Women,Iceland,2008,4
Iran,inflow,Women,Iceland,2009,1
Iran,inflow,Women,Iceland,2010,1
Iran,inflow,Women,Iceland,2011,3
Iran,inflow,Women,Iceland,2012,4
Iran,inflow,Women,Iceland,2013,2
Iran,inflow,Women,Iceland,2014,5
Iran,inflow,Women,Iceland,2015,5
Iran,inflow,Women,Iceland,2016,13
Iran,inflow,Women,Iceland,2017,4
Iran,inflow,Women,Iceland,2018,11
Iran,inflow,Women,Iceland,2019,19
Iran,outflow,Women,Iceland,2000,0
Iran,outflow,Women,Iceland,2001,0
Iran,outflow,Women,Iceland,2002,0
Iran,outflow,Women,Iceland,2003,1
Iran,outflow,Women,Iceland,2004,0
Iran,outflow,Women,Iceland,2005,0
Iran,outflow,Women,Iceland,2006,0
Iran,outflow,Women,Iceland,2007,1
Iran,outflow,Women,Iceland,2008,2
Iran,outflow,Women,Iceland,2009,2
Iran,outflow,Women,Iceland,2010,0
Iran,outflow,Women,Iceland,2011,0
Iran,outflow,Women,Iceland,2012,1
Iran,outflow,Women,Iceland,2013,4
Iran,outflow,Women,Iceland,2014,1
Iran,outflow,Women,Iceland,2015,2
Iran,outflow,Women,Iceland,2016,3
Iran,outflow,Women,Iceland,2017,2
Iran,outflow,Women,Iceland,2018,0
Iran,outflow,Women,Iceland,2019,0
Iran,inflow,Total,Iceland,2000,1
Iran,inflow,Total,Iceland,2001,2
Iran,inflow,Total,Iceland,2002,1
Iran,inflow,Total,Iceland,2003,6
Iran,inflow,Total,Iceland,2004,2
Iran,inflow,Total,Iceland,2005,2
Iran,inflow,Total,Iceland,2006,7
Iran,inflow,Total,Iceland,2007,8
Iran,inflow,Total,Iceland,2008,5
Iran,inflow,Total,Iceland,2009,3
Iran,inflow,Total,Iceland,2010,6
Iran,inflow,Total,Iceland,2011,10
Iran,inflow,Total,Iceland,2012,11
Iran,inflow,Total,Iceland,2013,7
Iran,inflow,Total,Iceland,2014,10
Iran,inflow,Total,Iceland,2015,16
Iran,inflow,Total,Iceland,2016,33
Iran,inflow,Total,Iceland,2017,10
Iran,inflow,Total,Iceland,2018,39
Iran,inflow,Total,Iceland,2019,44
Iran,outflow,Total,Iceland,2000,1
Iran,outflow,Total,Iceland,2001,1
Iran,outflow,Total,Iceland,2002,0
Iran,outflow,Total,Iceland,2003,3
Iran,outflow,Total,Iceland,2004,2
Iran,outflow,Total,Iceland,2005,3
Iran,outflow,Total,Iceland,2006,2
Iran,outflow,Total,Iceland,2007,2
Iran,outflow,Total,Iceland,2008,6
Iran,outflow,Total,Iceland,2009,6
Iran,outflow,Total,Iceland,2010,0
Iran,outflow,Total,Iceland,2011,2
Iran,outflow,Total,Iceland,2012,1
Iran,outflow,Total,Iceland,2013,8
Iran,outflow,Total,Iceland,2014,7
Iran,outflow,Total,Iceland,2015,7
Iran,outflow,Total,Iceland,2016,7
Iran,outflow,Total,Iceland,2017,4
Iran,outflow,Total,Iceland,2018,4
Iran,outflow,Total,Iceland,2019,3
Iran,inflow,Women,Italy,2000,183
Iran,inflow,Women,Italy,2002,185
Iran,inflow,Women,Italy,2003,187
Iran,inflow,Women,Italy,2004,275
Iran,inflow,Women,Italy,2005,212
Iran,inflow,Women,Italy,2006,237
Iran,inflow,Women,Italy,2007,179
Iran,inflow,Women,Italy,2008,242
Iran,inflow,Women,Italy,2009,345
Iran,inflow,Women,Italy,2010,369
Iran,inflow,Women,Italy,2011,440
Iran,inflow,Women,Italy,2012,650
Iran,inflow,Women,Italy,2013,692
Iran,inflow,Women,Italy,2014,583
Iran,inflow,Women,Italy,2015,548
Iran,inflow,Women,Italy,2016,545
Iran,inflow,Women,Italy,2017,655
Iran,inflow,Women,Italy,2018,692
Iran,inflow,Women,Italy,2019,835
Iran,outflow,Women,Italy,2000,6
Iran,outflow,Women,Italy,2002,22
Iran,outflow,Women,Italy,2003,8
Iran,outflow,Women,Italy,2004,27
Iran,outflow,Women,Italy,2005,21
Iran,outflow,Women,Italy,2006,4
Iran,outflow,Women,Italy,2007,6
Iran,outflow,Women,Italy,2008,5
Iran,outflow,Women,Italy,2009,6
Iran,outflow,Women,Italy,2010,6
Iran,outflow,Women,Italy,2011,16
Iran,outflow,Women,Italy,2012,20
Iran,outflow,Women,Italy,2013,19
Iran,outflow,Women,Italy,2014,29
Iran,outflow,Women,Italy,2015,22
Iran,outflow,Women,Italy,2017,39
Iran,outflow,Women,Italy,2019,30
Iran,inflow,Total,Italy,2000,414
Iran,inflow,Total,Italy,2002,420
Iran,inflow,Total,Italy,2003,400
Iran,inflow,Total,Italy,2004,537
Iran,inflow,Total,Italy,2005,395
Iran,inflow,Total,Italy,2006,424
Iran,inflow,Total,Italy,2007,377
Iran,inflow,Total,Italy,2008,483
Iran,inflow,Total,Italy,2009,611
Iran,inflow,Total,Italy,2010,744
Iran,inflow,Total,Italy,2011,940
Iran,inflow,Total,Italy,2012,1378
Iran,inflow,Total,Italy,2013,1397
Iran,inflow,Total,Italy,2014,1205
Iran,inflow,Total,Italy,2015,1190
Iran,inflow,Total,Italy,2016,1045
Iran,inflow,Total,Italy,2017,1304
Iran,inflow,Total,Italy,2018,1353
Iran,inflow,Total,Italy,2019,1648
Iran,outflow,Total,Italy,2000,15
Iran,outflow,Total,Italy,2002,56
Iran,outflow,Total,Italy,2003,18
Iran,outflow,Total,Italy,2004,49
Iran,outflow,Total,Italy,2005,32
Iran,outflow,Total,Italy,2006,15
Iran,outflow,Total,Italy,2007,13
Iran,outflow,Total,Italy,2008,12
Iran,outflow,Total,Italy,2009,14
Iran,outflow,Total,Italy,2010,12
Iran,outflow,Total,Italy,2011,31
Iran,outflow,Total,Italy,2012,40
Iran,outflow,Total,Italy,2013,29
Iran,outflow,Total,Italy,2014,58
Iran,outflow,Total,Italy,2015,61
Iran,outflow,Total,Italy,2017,62
Iran,outflow,Total,Italy,2019,73
Iran,inflow,Total,Japan,2006,408
Iran,inflow,Total,Japan,2007,575
Iran,inflow,Total,Japan,2008,450
Iran,inflow,Total,Japan,2009,450
Iran,inflow,Total,Japan,2010,449
Iran,inflow,Total,Japan,2011,360
Iran,inflow,Total,Japan,2012,384
Iran,inflow,Total,Japan,2013,273
Iran,inflow,Total,Japan,2014,334
Iran,inflow,Total,Japan,2015,448
Iran,inflow,Total,Japan,2016,475
Iran,inflow,Total,Japan,2017,439
Iran,inflow,Total,Japan,2018,370
Iran,inflow,Total,Japan,2019,428
Iran,outflow,Total,Japan,2006,284
Iran,outflow,Total,Japan,2007,425
Iran,outflow,Total,Japan,2008,286
Iran,outflow,Total,Japan,2009,293
Iran,outflow,Total,Japan,2010,334
Iran,outflow,Total,Japan,2011,241
Iran,outflow,Total,Japan,2012,268
Iran,outflow,Total,Japan,2013,199
Iran,outflow,Total,Japan,2014,209
Iran,outflow,Total,Japan,2015,298
Iran,outflow,Total,Japan,2016,306
Iran,outflow,Total,Japan,2017,303
Iran,outflow,Total,Japan,2018,207
Iran,outflow,Total,Japan,2019,269
Iran,inflow,Women,Korea,2000,58
Iran,inflow,Women,Korea,2001,60
Iran,inflow,Women,Korea,2002,35
Iran,inflow,Women,Korea,2003,20
Iran,inflow,Women,Korea,2004,49
Iran,inflow,Women,Korea,2005,52
Iran,inflow,Women,Korea,2006,50
Iran,inflow,Women,Korea,2007,62
Iran,inflow,Women,Korea,2008,72
Iran,inflow,Women,Korea,2009,46
Iran,inflow,Women,Korea,2010,76
Iran,inflow,Women,Korea,2011,94
Iran,inflow,Women,Korea,2012,94
Iran,inflow,Women,Korea,2013,96
Iran,inflow,Women,Korea,2014,97
Iran,inflow,Women,Korea,2015,113
Iran,inflow,Women,Korea,2016,110
Iran,inflow,Women,Korea,2017,191
Iran,inflow,Women,Korea,2018,163
Iran,inflow,Women,Korea,2019,147
Iran,outflow,Women,Korea,2000,63
Iran,outflow,Women,Korea,2001,62
Iran,outflow,Women,Korea,2002,41
Iran,outflow,Women,Korea,2003,33
Iran,outflow,Women,Korea,2004,45
Iran,outflow,Women,Korea,2005,71
Iran,outflow,Women,Korea,2006,51
Iran,outflow,Women,Korea,2007,27
Iran,outflow,Women,Korea,2008,55
Iran,outflow,Women,Korea,2009,65
Iran,outflow,Women,Korea,2010,45
Iran,outflow,Women,Korea,2011,61
Iran,outflow,Women,Korea,2012,88
Iran,outflow,Women,Korea,2013,57
Iran,outflow,Women,Korea,2014,62
Iran,outflow,Women,Korea,2015,95
Iran,outflow,Women,Korea,2016,79
Iran,outflow,Women,Korea,2017,96
Iran,outflow,Women,Korea,2018,139
Iran,outflow,Women,Korea,2019,112
Iran,inflow,Total,Korea,2000,1746
Iran,inflow,Total,Korea,2001,998
Iran,inflow,Total,Korea,2002,384
Iran,inflow,Total,Korea,2003,359
Iran,inflow,Total,Korea,2004,394
Iran,inflow,Total,Korea,2005,293
Iran,inflow,Total,Korea,2006,253
Iran,inflow,Total,Korea,2007,203
Iran,inflow,Total,Korea,2008,242
Iran,inflow,Total,Korea,2009,152
Iran,inflow,Total,Korea,2010,217
Iran,inflow,Total,Korea,2011,229
Iran,inflow,Total,Korea,2012,211
Iran,inflow,Total,Korea,2013,250
Iran,inflow,Total,Korea,2014,243
Iran,inflow,Total,Korea,2015,253
Iran,inflow,Total,Korea,2016,293
Iran,inflow,Total,Korea,2017,410
Iran,inflow,Total,Korea,2018,351
Iran,inflow,Total,Korea,2019,273
Iran,outflow,Total,Korea,2000,347
Iran,outflow,Total,Korea,2001,580
Iran,outflow,Total,Korea,2002,590
Iran,outflow,Total,Korea,2003,733
Iran,outflow,Total,Korea,2004,723
Iran,outflow,Total,Korea,2005,1034
Iran,outflow,Total,Korea,2006,389
Iran,outflow,Total,Korea,2007,295
Iran,outflow,Total,Korea,2008,335
Iran,outflow,Total,Korea,2009,306
Iran,outflow,Total,Korea,2010,182
Iran,outflow,Total,Korea,2011,192
Iran,outflow,Total,Korea,2012,257
Iran,outflow,Total,Korea,2013,162
Iran,outflow,Total,Korea,2014,179
Iran,outflow,Total,Korea,2015,215
Iran,outflow,Total,Korea,2016,206
Iran,outflow,Total,Korea,2017,249
Iran,outflow,Total,Korea,2018,299
Iran,outflow,Total,Korea,2019,207
Iran,inflow,Women,Luxembourg,2006,10
Iran,inflow,Women,Luxembourg,2007,15
Iran,inflow,Women,Luxembourg,2008,9
Iran,inflow,Women,Luxembourg,2009,5
Iran,inflow,Women,Luxembourg,2010,23
Iran,inflow,Women,Luxembourg,2011,13
Iran,inflow,Women,Luxembourg,2012,16
Iran,inflow,Women,Luxembourg,2013,14
Iran,inflow,Women,Luxembourg,2014,8
Iran,inflow,Women,Luxembourg,2015,27
Iran,inflow,Women,Luxembourg,2016,18
Iran,inflow,Women,Luxembourg,2017,31
Iran,inflow,Women,Luxembourg,2018,40
Iran,inflow,Women,Luxembourg,2019,42
Iran,outflow,Women,Luxembourg,2006,8
Iran,outflow,Women,Luxembourg,2007,1
Iran,outflow,Women,Luxembourg,2008,1
Iran,outflow,Women,Luxembourg,2009,3
Iran,outflow,Women,Luxembourg,2010,2
Iran,outflow,Women,Luxembourg,2011,2
Iran,outflow,Women,Luxembourg,2012,7
Iran,outflow,Women,Luxembourg,2013,2
Iran,outflow,Women,Luxembourg,2014,5
Iran,outflow,Women,Luxembourg,2015,3
Iran,outflow,Women,Luxembourg,2016,7
Iran,outflow,Women,Luxembourg,2017,7
Iran,outflow,Women,Luxembourg,2018,5
Iran,outflow,Women,Luxembourg,2019,6
Iran,inflow,Total,Luxembourg,2000,20
Iran,inflow,Total,Luxembourg,2001,15
Iran,inflow,Total,Luxembourg,2002,15
Iran,inflow,Total,Luxembourg,2003,24
Iran,inflow,Total,Luxembourg,2004,26
Iran,inflow,Total,Luxembourg,2005,44
Iran,inflow,Total,Luxembourg,2006,32
Iran,inflow,Total,Luxembourg,2007,28
Iran,inflow,Total,Luxembourg,2008,30
Iran,inflow,Total,Luxembourg,2009,28
Iran,inflow,Total,Luxembourg,2010,50
Iran,inflow,Total,Luxembourg,2011,32
Iran,inflow,Total,Luxembourg,2012,48
Iran,inflow,Total,Luxembourg,2013,28
Iran,inflow,Total,Luxembourg,2014,22
Iran,inflow,Total,Luxembourg,2015,79
Iran,inflow,Total,Luxembourg,2016,55
Iran,inflow,Total,Luxembourg,2017,59
Iran,inflow,Total,Luxembourg,2018,75
Iran,inflow,Total,Luxembourg,2019,95
Iran,outflow,Total,Luxembourg,2000,9
Iran,outflow,Total,Luxembourg,2001,10
Iran,outflow,Total,Luxembourg,2002,20
Iran,outflow,Total,Luxembourg,2003,10
Iran,outflow,Total,Luxembourg,2004,15
Iran,outflow,Total,Luxembourg,2005,14
Iran,outflow,Total,Luxembourg,2006,19
Iran,outflow,Total,Luxembourg,2007,13
Iran,outflow,Total,Luxembourg,2008,8
Iran,outflow,Total,Luxembourg,2009,9
Iran,outflow,Total,Luxembourg,2010,8
Iran,outflow,Total,Luxembourg,2011,19
Iran,outflow,Total,Luxembourg,2012,15
Iran,outflow,Total,Luxembourg,2013,12
Iran,outflow,Total,Luxembourg,2014,15
Iran,outflow,Total,Luxembourg,2015,10
Iran,outflow,Total,Luxembourg,2016,19
Iran,outflow,Total,Luxembourg,2017,21
Iran,outflow,Total,Luxembourg,2018,14
Iran,outflow,Total,Luxembourg,2019,16
Iran,inflow,Women,Mexico,2007,8
Iran,inflow,Women,Mexico,2010,4
Iran,inflow,Women,Mexico,2011,9
Iran,inflow,Women,Mexico,2012,8
Iran,inflow,Women,Mexico,2013,12
Iran,inflow,Women,Mexico,2014,7
Iran,inflow,Women,Mexico,2015,13
Iran,inflow,Women,Mexico,2016,3
Iran,inflow,Women,Mexico,2017,9
Iran,inflow,Women,Mexico,2018,5
Iran,inflow,Women,Mexico,2019,1
Iran,inflow,Total,Mexico,2007,15
Iran,inflow,Total,Mexico,2008,12
Iran,inflow,Total,Mexico,2009,10
Iran,inflow,Total,Mexico,2010,12
Iran,inflow,Total,Mexico,2011,28
Iran,inflow,Total,Mexico,2012,15
Iran,inflow,Total,Mexico,2013,26
Iran,inflow,Total,Mexico,2014,20
Iran,inflow,Total,Mexico,2015,30
Iran,inflow,Total,Mexico,2016,16
Iran,inflow,Total,Mexico,2017,23
Iran,inflow,Total,Mexico,2018,12
Iran,inflow,Total,Mexico,2019,11
Iran,inflow,Women,Netherlands,2008,292
Iran,inflow,Women,Netherlands,2009,338
Iran,inflow,Women,Netherlands,2010,362
Iran,inflow,Women,Netherlands,2011,470
Iran,inflow,Women,Netherlands,2012,337
Iran,inflow,Women,Netherlands,2013,390
Iran,inflow,Women,Netherlands,2014,425
Iran,inflow,Women,Netherlands,2015,482
Iran,inflow,Women,Netherlands,2016,699
Iran,inflow,Women,Netherlands,2017,747
Iran,inflow,Women,Netherlands,2018,898
Iran,inflow,Women,Netherlands,2019,1562
Iran,outflow,Women,Netherlands,2001,27
Iran,outflow,Women,Netherlands,2002,41
Iran,outflow,Women,Netherlands,2003,63
Iran,outflow,Women,Netherlands,2004,64
Iran,outflow,Women,Netherlands,2005,68
Iran,outflow,Women,Netherlands,2006,62
Iran,outflow,Women,Netherlands,2007,61
Iran,outflow,Women,Netherlands,2008,74
Iran,outflow,Women,Netherlands,2009,99
Iran,outflow,Women,Netherlands,2010,142
Iran,outflow,Women,Netherlands,2011,138
Iran,outflow,Women,Netherlands,2012,105
Iran,outflow,Women,Netherlands,2013,146
Iran,outflow,Women,Netherlands,2014,115
Iran,outflow,Women,Netherlands,2015,148
Iran,outflow,Women,Netherlands,2016,144
Iran,outflow,Women,Netherlands,2017,170
Iran,outflow,Women,Netherlands,2018,189
Iran,outflow,Women,Netherlands,2019,184
Iran,inflow,Total,Netherlands,2000,392
Iran,inflow,Total,Netherlands,2001,466
Iran,inflow,Total,Netherlands,2002,381
Iran,inflow,Total,Netherlands,2003,427
Iran,inflow,Total,Netherlands,2004,323
Iran,inflow,Total,Netherlands,2005,307
Iran,inflow,Total,Netherlands,2006,363
Iran,inflow,Total,Netherlands,2007,419
Iran,inflow,Total,Netherlands,2008,584
Iran,inflow,Total,Netherlands,2009,636
Iran,inflow,Total,Netherlands,2010,689
Iran,inflow,Total,Netherlands,2011,883
Iran,inflow,Total,Netherlands,2012,624
Iran,inflow,Total,Netherlands,2013,695
Iran,inflow,Total,Netherlands,2014,853
Iran,inflow,Total,Netherlands,2015,910
Iran,inflow,Total,Netherlands,2016,1851
Iran,inflow,Total,Netherlands,2017,1481
Iran,inflow,Total,Netherlands,2018,1852
Iran,inflow,Total,Netherlands,2019,3215
Iran,outflow,Total,Netherlands,2000,36
Iran,outflow,Total,Netherlands,2001,82
Iran,outflow,Total,Netherlands,2002,99
Iran,outflow,Total,Netherlands,2003,177
Iran,outflow,Total,Netherlands,2004,137
Iran,outflow,Total,Netherlands,2005,181
Iran,outflow,Total,Netherlands,2006,143
Iran,outflow,Total,Netherlands,2007,138
Iran,outflow,Total,Netherlands,2008,159
Iran,outflow,Total,Netherlands,2009,216
Iran,outflow,Total,Netherlands,2010,312
Iran,outflow,Total,Netherlands,2011,290
Iran,outflow,Total,Netherlands,2012,237
Iran,outflow,Total,Netherlands,2013,324
Iran,outflow,Total,Netherlands,2014,260
Iran,outflow,Total,Netherlands,2015,308
Iran,outflow,Total,Netherlands,2016,343
Iran,outflow,Total,Netherlands,2017,417
Iran,outflow,Total,Netherlands,2018,462
Iran,outflow,Total,Netherlands,2019,433
Iran,inflow,Women,New Zealand,2000,101
Iran,inflow,Women,New Zealand,2001,115
Iran,inflow,Women,New Zealand,2002,98
Iran,inflow,Women,New Zealand,2003,126
Iran,inflow,Women,New Zealand,2004,81
Iran,inflow,Women,New Zealand,2005,132
Iran,inflow,Women,New Zealand,2006,90
Iran,inflow,Women,New Zealand,2007,73
Iran,inflow,Women,New Zealand,2008,102
Iran,inflow,Women,New Zealand,2009,109
Iran,inflow,Women,New Zealand,2010,135
Iran,inflow,Women,New Zealand,2011,125
Iran,inflow,Women,New Zealand,2012,132
Iran,inflow,Women,New Zealand,2013,145
Iran,inflow,Women,New Zealand,2014,193
Iran,inflow,Women,New Zealand,2015,160
Iran,inflow,Women,New Zealand,2016,150
Iran,inflow,Women,New Zealand,2017,179
Iran,inflow,Women,New Zealand,2018,165
Iran,inflow,Women,New Zealand,2019,141
Iran,outflow,Women,New Zealand,2001,20
Iran,outflow,Women,New Zealand,2002,14
Iran,outflow,Women,New Zealand,2003,21
Iran,outflow,Women,New Zealand,2004,30
Iran,outflow,Women,New Zealand,2005,14
Iran,outflow,Women,New Zealand,2006,22
Iran,outflow,Women,New Zealand,2007,26
Iran,outflow,Women,New Zealand,2008,18
Iran,outflow,Women,New Zealand,2009,31
Iran,outflow,Women,New Zealand,2010,24
Iran,outflow,Women,New Zealand,2011,16
Iran,outflow,Women,New Zealand,2012,44
Iran,outflow,Women,New Zealand,2013,37
Iran,outflow,Women,New Zealand,2014,33
Iran,outflow,Women,New Zealand,2015,35
Iran,outflow,Women,New Zealand,2016,39
Iran,outflow,Women,New Zealand,2017,32
Iran,outflow,Women,New Zealand,2018,37
Iran,outflow,Women,New Zealand,2019,32
Iran,inflow,Total,New Zealand,2000,258
Iran,inflow,Total,New Zealand,2001,264
Iran,inflow,Total,New Zealand,2002,230
Iran,inflow,Total,New Zealand,2003,255
Iran,inflow,Total,New Zealand,2004,167
Iran,inflow,Total,New Zealand,2005,259
Iran,inflow,Total,New Zealand,2006,178
Iran,inflow,Total,New Zealand,2007,153
Iran,inflow,Total,New Zealand,2008,191
Iran,inflow,Total,New Zealand,2009,206
Iran,inflow,Total,New Zealand,2010,266
Iran,inflow,Total,New Zealand,2011,261
Iran,inflow,Total,New Zealand,2012,271
Iran,inflow,Total,New Zealand,2013,309
Iran,inflow,Total,New Zealand,2014,389
Iran,inflow,Total,New Zealand,2015,321
Iran,inflow,Total,New Zealand,2016,318
Iran,inflow,Total,New Zealand,2017,347
Iran,inflow,Total,New Zealand,2018,340
Iran,inflow,Total,New Zealand,2019,294
Iran,outflow,Total,New Zealand,2000,15
Iran,outflow,Total,New Zealand,2001,49
Iran,outflow,Total,New Zealand,2002,34
Iran,outflow,Total,New Zealand,2003,49
Iran,outflow,Total,New Zealand,2004,69
Iran,outflow,Total,New Zealand,2005,44
Iran,outflow,Total,New Zealand,2006,56
Iran,outflow,Total,New Zealand,2007,45
Iran,outflow,Total,New Zealand,2008,51
Iran,outflow,Total,New Zealand,2009,48
Iran,outflow,Total,New Zealand,2010,57
Iran,outflow,Total,New Zealand,2011,38
Iran,outflow,Total,New Zealand,2012,83
Iran,outflow,Total,New Zealand,2013,77
Iran,outflow,Total,New Zealand,2014,77
Iran,outflow,Total,New Zealand,2015,70
Iran,outflow,Total,New Zealand,2016,82
Iran,outflow,Total,New Zealand,2017,57
Iran,outflow,Total,New Zealand,2018,78
Iran,outflow,Total,New Zealand,2019,75
Iran,inflow,Women,Norway,2000,310
Iran,inflow,Women,Norway,2001,412
Iran,inflow,Women,Norway,2002,400
Iran,inflow,Women,Norway,2003,339
Iran,inflow,Women,Norway,2004,256
Iran,inflow,Women,Norway,2005,194
Iran,inflow,Women,Norway,2006,166
Iran,inflow,Women,Norway,2007,224
Iran,inflow,Women,Norway,2008,200
Iran,inflow,Women,Norway,2009,262
Iran,inflow,Women,Norway,2010,279
Iran,inflow,Women,Norway,2011,409
Iran,inflow,Women,Norway,2012,365
Iran,inflow,Women,Norway,2013,374
Iran,inflow,Women,Norway,2014,210
Iran,inflow,Women,Norway,2015,205
Iran,inflow,Women,Norway,2016,330
Iran,inflow,Women,Norway,2017,320
Iran,inflow,Women,Norway,2018,234
Iran,inflow,Women,Norway,2019,261
Iran,outflow,Women,Norway,2000,29
Iran,outflow,Women,Norway,2001,46
Iran,outflow,Women,Norway,2002,33
Iran,outflow,Women,Norway,2003,57
Iran,outflow,Women,Norway,2004,58
Iran,outflow,Women,Norway,2005,79
Iran,outflow,Women,Norway,2006,70
Iran,outflow,Women,Norway,2007,44
Iran,outflow,Women,Norway,2008,51
Iran,outflow,Women,Norway,2009,38
Iran,outflow,Women,Norway,2010,42
Iran,outflow,Women,Norway,2011,55
Iran,outflow,Women,Norway,2012,57
Iran,outflow,Women,Norway,2013,60
Iran,outflow,Women,Norway,2014,78
Iran,outflow,Women,Norway,2015,66
Iran,outflow,Women,Norway,2016,56
Iran,outflow,Women,Norway,2017,42
Iran,outflow,Women,Norway,2018,32
Iran,outflow,Women,Norway,2019,30
Iran,inflow,Total,Norway,2000,582
Iran,inflow,Total,Norway,2001,848
Iran,inflow,Total,Norway,2002,756
Iran,inflow,Total,Norway,2003,698
Iran,inflow,Total,Norway,2004,475
Iran,inflow,Total,Norway,2005,338
Iran,inflow,Total,Norway,2006,279
Iran,inflow,Total,Norway,2007,412
Iran,inflow,Total,Norway,2008,422
Iran,inflow,Total,Norway,2009,522
Iran,inflow,Total,Norway,2010,548
Iran,inflow,Total,Norway,2011,812
Iran,inflow,Total,Norway,2012,755
Iran,inflow,Total,Norway,2013,753
Iran,inflow,Total,Norway,2014,441
Iran,inflow,Total,Norway,2015,399
Iran,inflow,Total,Norway,2016,722
Iran,inflow,Total,Norway,2017,726
Iran,inflow,Total,Norway,2018,452
Iran,inflow,Total,Norway,2019,501
Iran,outflow,Total,Norway,2000,63
Iran,outflow,Total,Norway,2001,89
Iran,outflow,Total,Norway,2002,67
Iran,outflow,Total,Norway,2003,104
Iran,outflow,Total,Norway,2004,124
Iran,outflow,Total,Norway,2005,144
Iran,outflow,Total,Norway,2006,126
Iran,outflow,Total,Norway,2007,79
Iran,outflow,Total,Norway,2008,88
Iran,outflow,Total,Norway,2009,69
Iran,outflow,Total,Norway,2010,96
Iran,outflow,Total,Norway,2011,118
Iran,outflow,Total,Norway,2012,127
Iran,outflow,Total,Norway,2013,111
Iran,outflow,Total,Norway,2014,155
Iran,outflow,Total,Norway,2015,143
Iran,outflow,Total,Norway,2016,124
Iran,outflow,Total,Norway,2017,94
Iran,outflow,Total,Norway,2018,69
Iran,outflow,Total,Norway,2019,61
Iran,inflow,Women,Poland,2013,52
Iran,inflow,Women,Poland,2014,28
Iran,inflow,Women,Poland,2015,59
Iran,inflow,Women,Poland,2016,76
Iran,inflow,Women,Poland,2017,67
Iran,inflow,Women,Poland,2018,95
Iran,inflow,Women,Poland,2019,103
Iran,inflow,Total,Poland,2005,40
Iran,inflow,Total,Poland,2006,49
Iran,inflow,Total,Poland,2007,64
Iran,inflow,Total,Poland,2008,68
Iran,inflow,Total,Poland,2009,73
Iran,inflow,Total,Poland,2010,111
Iran,inflow,Total,Poland,2011,126
Iran,inflow,Total,Poland,2012,132
Iran,inflow,Total,Poland,2013,174
Iran,inflow,Total,Poland,2014,89
Iran,inflow,Total,Poland,2015,181
Iran,inflow,Total,Poland,2016,197
Iran,inflow,Total,Poland,2017,233
Iran,inflow,Total,Poland,2018,243
Iran,inflow,Total,Poland,2019,289
Iran,inflow,Women,Slovak Republic,2006,2
Iran,inflow,Women,Slovak Republic,2008,1
Iran,inflow,Women,Slovak Republic,2009,27
Iran,inflow,Women,Slovak Republic,2010,3
Iran,inflow,Women,Slovak Republic,2011,8
Iran,inflow,Women,Slovak Republic,2012,1
Iran,inflow,Women,Slovak Republic,2013,2
Iran,inflow,Women,Slovak Republic,2014,2
Iran,inflow,Women,Slovak Republic,2015,2
Iran,inflow,Women,Slovak Republic,2016,2
Iran,inflow,Women,Slovak Republic,2017,2
Iran,inflow,Women,Slovak Republic,2018,3
Iran,inflow,Women,Slovak Republic,2019,5
Iran,outflow,Women,Slovak Republic,2009,1
Iran,outflow,Women,Slovak Republic,2010,2
Iran,outflow,Women,Slovak Republic,2011,3
Iran,inflow,Total,Slovak Republic,2003,12
Iran,inflow,Total,Slovak Republic,2004,19
Iran,inflow,Total,Slovak Republic,2005,12
Iran,inflow,Total,Slovak Republic,2006,7
Iran,inflow,Total,Slovak Republic,2007,1
Iran,inflow,Total,Slovak Republic,2008,2
Iran,inflow,Total,Slovak Republic,2009,3
Iran,inflow,Total,Slovak Republic,2010,7
Iran,inflow,Total,Slovak Republic,2011,1
Iran,inflow,Total,Slovak Republic,2012,4
Iran,inflow,Total,Slovak Republic,2013,3
Iran,inflow,Total,Slovak Republic,2014,3
Iran,inflow,Total,Slovak Republic,2015,7
Iran,inflow,Total,Slovak Republic,2016,4
Iran,inflow,Total,Slovak Republic,2017,3
Iran,inflow,Total,Slovak Republic,2018,5
Iran,inflow,Total,Slovak Republic,2019,11
Iran,outflow,Total,Slovak Republic,2003,12
Iran,outflow,Total,Slovak Republic,2004,9
Iran,outflow,Total,Slovak Republic,2005,1
Iran,outflow,Total,Slovak Republic,2006,3
Iran,outflow,Total,Slovak Republic,2007,1
Iran,outflow,Total,Slovak Republic,2008,5
Iran,outflow,Total,Slovak Republic,2009,4
Iran,outflow,Total,Slovak Republic,2010,15
Iran,outflow,Total,Slovak Republic,2011,10
Iran,inflow,Women,Spain,2000,82
Iran,inflow,Women,Spain,2001,88
Iran,inflow,Women,Spain,2002,82
Iran,inflow,Women,Spain,2003,93
Iran,inflow,Women,Spain,2004,140
Iran,inflow,Women,Spain,2005,104
Iran,inflow,Women,Spain,2006,129
Iran,inflow,Women,Spain,2007,123
Iran,inflow,Women,Spain,2008,108
Iran,inflow,Women,Spain,2009,128
Iran,inflow,Women,Spain,2010,169
Iran,inflow,Women,Spain,2011,225
Iran,inflow,Women,Spain,2012,289
Iran,inflow,Women,Spain,2013,223
Iran,inflow,Women,Spain,2014,220
Iran,inflow,Women,Spain,2015,265
Iran,inflow,Women,Spain,2016,357
Iran,inflow,Women,Spain,2017,728
Iran,inflow,Women,Spain,2018,0
Iran,inflow,Women,Spain,2019,0
Iran,outflow,Women,Spain,2002,1
Iran,outflow,Women,Spain,2003,1
Iran,outflow,Women,Spain,2004,11
Iran,outflow,Women,Spain,2005,7
Iran,outflow,Women,Spain,2006,33
Iran,outflow,Women,Spain,2007,99
Iran,outflow,Women,Spain,2008,70
Iran,outflow,Women,Spain,2009,47
Iran,outflow,Women,Spain,2010,76
Iran,outflow,Women,Spain,2011,92
Iran,outflow,Women,Spain,2012,71
Iran,outflow,Women,Spain,2013,157
Iran,outflow,Women,Spain,2014,116
Iran,outflow,Women,Spain,2015,74
Iran,outflow,Women,Spain,2016,107
Iran,outflow,Women,Spain,2017,159
Iran,outflow,Women,Spain,2019,0
Iran,inflow,Total,Spain,2000,236
Iran,inflow,Total,Spain,2001,223
Iran,inflow,Total,Spain,2002,177
Iran,inflow,Total,Spain,2003,212
Iran,inflow,Total,Spain,2004,313
Iran,inflow,Total,Spain,2005,266
Iran,inflow,Total,Spain,2006,304
Iran,inflow,Total,Spain,2007,297
Iran,inflow,Total,Spain,2008,280
Iran,inflow,Total,Spain,2009,291
Iran,inflow,Total,Spain,2010,363
Iran,inflow,Total,Spain,2011,490
Iran,inflow,Total,Spain,2012,616
Iran,inflow,Total,Spain,2013,456
Iran,inflow,Total,Spain,2014,485
Iran,inflow,Total,Spain,2015,549
Iran,inflow,Total,Spain,2016,737
Iran,inflow,Total,Spain,2017,1478
Iran,inflow,Total,Spain,2018,0
Iran,inflow,Total,Spain,2019,0
Iran,outflow,Total,Spain,2002,4
Iran,outflow,Total,Spain,2003,5
Iran,outflow,Total,Spain,2004,22
Iran,outflow,Total,Spain,2005,11
Iran,outflow,Total,Spain,2006,79
Iran,outflow,Total,Spain,2007,248
Iran,outflow,Total,Spain,2008,159
Iran,outflow,Total,Spain,2009,151
Iran,outflow,Total,Spain,2010,178
Iran,outflow,Total,Spain,2011,233
Iran,outflow,Total,Spain,2012,199
Iran,outflow,Total,Spain,2013,358
Iran,outflow,Total,Spain,2014,282
Iran,outflow,Total,Spain,2015,190
Iran,outflow,Total,Spain,2016,250
Iran,outflow,Total,Spain,2017,352
Iran,outflow,Total,Spain,2019,0
Iran,inflow,Women,Sweden,2000,704
Iran,inflow,Women,Sweden,2001,757
Iran,inflow,Women,Sweden,2002,749
Iran,inflow,Women,Sweden,2003,581
Iran,inflow,Women,Sweden,2004,763
Iran,inflow,Women,Sweden,2005,576
Iran,inflow,Women,Sweden,2006,1064
Iran,inflow,Women,Sweden,2007,745
Iran,inflow,Women,Sweden,2008,897
Iran,inflow,Women,Sweden,2009,1249
Iran,inflow,Women,Sweden,2010,1357
Iran,inflow,Women,Sweden,2011,1099
Iran,inflow,Women,Sweden,2012,1108
Iran,inflow,Women,Sweden,2013,973
Iran,inflow,Women,Sweden,2014,952
Iran,inflow,Women,Sweden,2015,698
Iran,inflow,Women,Sweden,2016,875
Iran,inflow,Women,Sweden,2017,1062
Iran,inflow,Women,Sweden,2018,1152
Iran,inflow,Women,Sweden,2019,1170
Iran,outflow,Women,Sweden,2000,87
Iran,outflow,Women,Sweden,2001,99
Iran,outflow,Women,Sweden,2002,105
Iran,outflow,Women,Sweden,2003,124
Iran,outflow,Women,Sweden,2004,122
Iran,outflow,Women,Sweden,2005,116
Iran,outflow,Women,Sweden,2006,138
Iran,outflow,Women,Sweden,2007,181
Iran,outflow,Women,Sweden,2008,148
Iran,outflow,Women,Sweden,2009,67
Iran,outflow,Women,Sweden,2010,138
Iran,outflow,Women,Sweden,2011,167
Iran,outflow,Women,Sweden,2012,234
Iran,outflow,Women,Sweden,2013,213
Iran,outflow,Women,Sweden,2014,298
Iran,outflow,Women,Sweden,2015,381
Iran,outflow,Women,Sweden,2016,128
Iran,outflow,Women,Sweden,2017,138
Iran,outflow,Women,Sweden,2018,99
Iran,outflow,Women,Sweden,2019,116
Iran,inflow,Total,Sweden,2000,1106
Iran,inflow,Total,Sweden,2001,1301
Iran,inflow,Total,Sweden,2002,1365
Iran,inflow,Total,Sweden,2003,1016
Iran,inflow,Total,Sweden,2004,1477
Iran,inflow,Total,Sweden,2005,1063
Iran,inflow,Total,Sweden,2006,2008
Iran,inflow,Total,Sweden,2007,1427
Iran,inflow,Total,Sweden,2008,1766
Iran,inflow,Total,Sweden,2009,2416
Iran,inflow,Total,Sweden,2010,2820
Iran,inflow,Total,Sweden,2011,2168
Iran,inflow,Total,Sweden,2012,2111
Iran,inflow,Total,Sweden,2013,1988
Iran,inflow,Total,Sweden,2014,1744
Iran,inflow,Total,Sweden,2015,1334
Iran,inflow,Total,Sweden,2016,1702
Iran,inflow,Total,Sweden,2017,2348
Iran,inflow,Total,Sweden,2018,2504
Iran,inflow,Total,Sweden,2019,2300
Iran,outflow,Total,Sweden,2000,176
Iran,outflow,Total,Sweden,2001,174
Iran,outflow,Total,Sweden,2002,217
Iran,outflow,Total,Sweden,2003,213
Iran,outflow,Total,Sweden,2004,231
Iran,outflow,Total,Sweden,2005,198
Iran,outflow,Total,Sweden,2006,294
Iran,outflow,Total,Sweden,2007,331
Iran,outflow,Total,Sweden,2008,287
Iran,outflow,Total,Sweden,2009,131
Iran,outflow,Total,Sweden,2010,256
Iran,outflow,Total,Sweden,2011,375
Iran,outflow,Total,Sweden,2012,515
Iran,outflow,Total,Sweden,2013,447
Iran,outflow,Total,Sweden,2014,657
Iran,outflow,Total,Sweden,2015,827
Iran,outflow,Total,Sweden,2016,279
Iran,outflow,Total,Sweden,2017,271
Iran,outflow,Total,Sweden,2018,212
Iran,outflow,Total,Sweden,2019,245
Iran,inflow,Women,Switzerland,2010,236
Iran,inflow,Women,Switzerland,2011,262
Iran,inflow,Women,Switzerland,2012,214
Iran,inflow,Women,Switzerland,2013,200
Iran,inflow,Women,Switzerland,2014,184
Iran,inflow,Women,Switzerland,2015,220
Iran,inflow,Women,Switzerland,2016,230
Iran,inflow,Women,Switzerland,2017,242
Iran,inflow,Women,Switzerland,2018,290
Iran,inflow,Women,Switzerland,2019,285
Iran,outflow,Women,Switzerland,2010,65
Iran,outflow,Women,Switzerland,2011,72
Iran,outflow,Women,Switzerland,2012,47
Iran,outflow,Women,Switzerland,2013,67
Iran,outflow,Women,Switzerland,2014,74
Iran,outflow,Women,Switzerland,2015,73
Iran,outflow,Women,Switzerland,2016,79
Iran,outflow,Women,Switzerland,2017,86
Iran,outflow,Women,Switzerland,2018,94
Iran,outflow,Women,Switzerland,2019,101
Iran,inflow,Total,Switzerland,2010,522
Iran,inflow,Total,Switzerland,2011,524
Iran,inflow,Total,Switzerland,2012,467
Iran,inflow,Total,Switzerland,2013,437
Iran,inflow,Total,Switzerland,2014,386
Iran,inflow,Total,Switzerland,2015,440
Iran,inflow,Total,Switzerland,2016,439
Iran,inflow,Total,Switzerland,2017,485
Iran,inflow,Total,Switzerland,2018,606
Iran,inflow,Total,Switzerland,2019,545
Iran,outflow,Total,Switzerland,2010,140
Iran,outflow,Total,Switzerland,2011,161
Iran,outflow,Total,Switzerland,2012,125
Iran,outflow,Total,Switzerland,2013,157
Iran,outflow,Total,Switzerland,2014,155
Iran,outflow,Total,Switzerland,2015,164
Iran,outflow,Total,Switzerland,2016,172
Iran,outflow,Total,Switzerland,2017,178
Iran,outflow,Total,Switzerland,2018,179
Iran,outflow,Total,Switzerland,2019,193
Iran,inflow,Women,Turkey,2010,610
Iran,inflow,Women,Turkey,2016,7307
Iran,inflow,Women,Turkey,2017,8323
Iran,inflow,Women,Turkey,2018,15174
Iran,inflow,Women,Turkey,2019,18820
Iran,inflow,Total,Turkey,2010,1539
Iran,inflow,Total,Turkey,2016,15539
Iran,inflow,Total,Turkey,2017,17794
Iran,inflow,Total,Turkey,2018,31922
Iran,inflow,Total,Turkey,2019,42351
Iran,inflow,Total,United Kingdom,2000,906
Iran,inflow,Total,United Kingdom,2001,1141
Iran,inflow,Total,United Kingdom,2009,4000
Iran,inflow,Total,United Kingdom,2011,2000
Iran,inflow,Total,United Kingdom,2012,1000
Iran,inflow,Total,United Kingdom,2014,1000
Iran,outflow,Total,United Kingdom,2000,493
Iran,outflow,Total,United Kingdom,2001,130
Iran,outflow,Total,United Kingdom,2011,1000
Iran,outflow,Total,United Kingdom,2015,1000
Iran,inflow,Women,United States,2002,6784
Iran,inflow,Women,United States,2003,4030
Iran,inflow,Women,United States,2004,5474
Iran,inflow,Women,United States,2005,7255
Iran,inflow,Women,United States,2006,7530
Iran,inflow,Women,United States,2007,5808
Iran,inflow,Women,United States,2008,7172
Iran,inflow,Women,United States,2009,9551
Iran,inflow,Women,United States,2010,7615
Iran,inflow,Women,United States,2011,7919
Iran,inflow,Women,United States,2012,6686
Iran,inflow,Women,United States,2013,6386
Iran,inflow,Women,United States,2014,6087
Iran,inflow,Women,United States,2015,6843
Iran,inflow,Women,United States,2016,7002
Iran,inflow,Women,United States,2017,7317
Iran,inflow,Women,United States,2018,5033
Iran,inflow,Women,United States,2019,2885
Iran,inflow,Total,United States,2000,8487
Iran,inflow,Total,United States,2001,10425
Iran,inflow,Total,United States,2002,12960
Iran,inflow,Total,United States,2003,7230
Iran,inflow,Total,United States,2004,10434
Iran,inflow,Total,United States,2005,13887
Iran,inflow,Total,United States,2006,13947
Iran,inflow,Total,United States,2007,10460
Iran,inflow,Total,United States,2008,13852
Iran,inflow,Total,United States,2009,18553
Iran,inflow,Total,United States,2010,14182
Iran,inflow,Total,United States,2011,14822
Iran,inflow,Total,United States,2012,12916
Iran,inflow,Total,United States,2013,12863
Iran,inflow,Total,United States,2014,11615
Iran,inflow,Total,United States,2015,13114
Iran,inflow,Total,United States,2016,13298
Iran,inflow,Total,United States,2017,13791
Iran,inflow,Total,United States,2018,10116
Iran,inflow,Total,United States,2019,5789
Iran,inflow,Women,Chile,2005,3
Iran,inflow,Women,Chile,2006,1
Iran,inflow,Women,Chile,2007,4
Iran,inflow,Women,Chile,2008,3
Iran,inflow,Women,Chile,2009,1
Iran,inflow,Women,Chile,2010,1
Iran,inflow,Women,Chile,2011,0
Iran,inflow,Women,Chile,2012,2
Iran,inflow,Women,Chile,2013,8
Iran,inflow,Women,Chile,2014,9
Iran,inflow,Women,Chile,2015,11
Iran,inflow,Women,Chile,2016,8
Iran,inflow,Total,Chile,2000,8
Iran,inflow,Total,Chile,2001,5
Iran,inflow,Total,Chile,2002,9
Iran,inflow,Total,Chile,2003,1
Iran,inflow,Total,Chile,2004,3
Iran,inflow,Total,Chile,2005,10
Iran,inflow,Total,Chile,2006,7
Iran,inflow,Total,Chile,2007,7
Iran,inflow,Total,Chile,2008,6
Iran,inflow,Total,Chile,2009,5
Iran,inflow,Total,Chile,2010,2
Iran,inflow,Total,Chile,2011,6
Iran,inflow,Total,Chile,2012,7
Iran,inflow,Total,Chile,2013,20
Iran,inflow,Total,Chile,2014,21
Iran,inflow,Total,Chile,2015,29
Iran,inflow,Total,Chile,2016,20
Iran,inflow,Women,Estonia,2004,0
Iran,inflow,Women,Estonia,2005,0
Iran,inflow,Women,Estonia,2006,0
Iran,inflow,Women,Estonia,2007,0
Iran,inflow,Women,Estonia,2008,1
Iran,inflow,Women,Estonia,2009,1
Iran,inflow,Women,Estonia,2010,1
Iran,inflow,Women,Estonia,2011,1
Iran,inflow,Women,Estonia,2012,1
Iran,inflow,Women,Estonia,2013,2
Iran,inflow,Women,Estonia,2014,2
Iran,inflow,Women,Estonia,2015,10
Iran,inflow,Women,Estonia,2016,10
Iran,inflow,Women,Estonia,2017,16
Iran,inflow,Women,Estonia,2018,29
Iran,inflow,Women,Estonia,2019,54
Iran,outflow,Women,Estonia,2019,8
Iran,inflow,Total,Estonia,2004,0
Iran,inflow,Total,Estonia,2005,0
Iran,inflow,Total,Estonia,2006,0
Iran,inflow,Total,Estonia,2007,0
Iran,inflow,Total,Estonia,2008,3
Iran,inflow,Total,Estonia,2009,2
Iran,inflow,Total,Estonia,2010,2
Iran,inflow,Total,Estonia,2011,5
Iran,inflow,Total,Estonia,2012,5
Iran,inflow,Total,Estonia,2013,10
Iran,inflow,Total,Estonia,2014,5
Iran,inflow,Total,Estonia,2015,22
Iran,inflow,Total,Estonia,2016,25
Iran,inflow,Total,Estonia,2017,33
Iran,inflow,Total,Estonia,2018,68
Iran,inflow,Total,Estonia,2019,154
Iran,outflow,Total,Estonia,2019,16
Iran,inflow,Women,Israel,2000,210
Iran,inflow,Women,Israel,2001,120
Iran,inflow,Women,Israel,2002,87
Iran,inflow,Women,Israel,2003,57
Iran,inflow,Women,Israel,2004,75
Iran,inflow,Women,Israel,2005,71
Iran,inflow,Women,Israel,2006,44
Iran,inflow,Women,Israel,2007,88
Iran,inflow,Women,Israel,2008,25
Iran,inflow,Women,Israel,2009,22
Iran,inflow,Women,Israel,2010,17
Iran,inflow,Women,Israel,2011,23
Iran,inflow,Women,Israel,2012,17
Iran,inflow,Women,Israel,2013,39
Iran,inflow,Women,Israel,2014,14
Iran,inflow,Women,Israel,2015,17
Iran,inflow,Women,Israel,2016,16
Iran,inflow,Women,Israel,2017,8
Iran,inflow,Women,Israel,2018,37
Iran,inflow,Women,Israel,2019,28
Iran,inflow,Total,Israel,2000,420
Iran,inflow,Total,Israel,2001,234
Iran,inflow,Total,Israel,2002,182
Iran,inflow,Total,Israel,2003,121
Iran,inflow,Total,Israel,2004,143
Iran,inflow,Total,Israel,2005,123
Iran,inflow,Total,Israel,2006,74
Iran,inflow,Total,Israel,2007,184
Iran,inflow,Total,Israel,2008,48
Iran,inflow,Total,Israel,2009,45
Iran,inflow,Total,Israel,2010,39
Iran,inflow,Total,Israel,2011,46
Iran,inflow,Total,Israel,2012,37
Iran,inflow,Total,Israel,2013,82
Iran,inflow,Total,Israel,2014,27
Iran,inflow,Total,Israel,2015,35
Iran,inflow,Total,Israel,2016,34
Iran,inflow,Total,Israel,2017,18
Iran,inflow,Total,Israel,2018,76
Iran,inflow,Total,Israel,2019,67
Iran,inflow,Women,Slovenia,2007,2
Iran,inflow,Women,Slovenia,2008,2
Iran,inflow,Women,Slovenia,2009,1
Iran,inflow,Women,Slovenia,2010,2
Iran,inflow,Women,Slovenia,2011,5
Iran,inflow,Women,Slovenia,2012,2
Iran,inflow,Women,Slovenia,2013,4
Iran,inflow,Women,Slovenia,2014,5
Iran,inflow,Women,Slovenia,2015,12
Iran,inflow,Women,Slovenia,2016,9
Iran,inflow,Women,Slovenia,2017,5
Iran,inflow,Women,Slovenia,2018,11
Iran,inflow,Women,Slovenia,2019,27
Iran,outflow,Women,Slovenia,2014,1
Iran,outflow,Women,Slovenia,2015,2
Iran,outflow,Women,Slovenia,2019,5
Iran,inflow,Total,Slovenia,2007,5
Iran,inflow,Total,Slovenia,2008,12
Iran,inflow,Total,Slovenia,2009,4
Iran,inflow,Total,Slovenia,2010,7
Iran,inflow,Total,Slovenia,2011,8
Iran,inflow,Total,Slovenia,2012,11
Iran,inflow,Total,Slovenia,2013,9
Iran,inflow,Total,Slovenia,2014,19
Iran,inflow,Total,Slovenia,2015,28
Iran,inflow,Total,Slovenia,2016,23
Iran,inflow,Total,Slovenia,2017,21
Iran,inflow,Total,Slovenia,2018,24
Iran,inflow,Total,Slovenia,2019,67
Iran,outflow,Total,Slovenia,2012,1
Iran,outflow,Total,Slovenia,2014,2
Iran,outflow,Total,Slovenia,2015,3
Iran,outflow,Total,Slovenia,2019,14
Iran,inflow,Women,Latvia,2014,0
Iran,inflow,Women,Latvia,2017,0
Iran,inflow,Women,Latvia,2018,1
Iran,inflow,Women,Latvia,2019,1
Iran,inflow,Total,Latvia,2014,1
Iran,inflow,Total,Latvia,2017,2
Iran,inflow,Total,Latvia,2018,10
Iran,inflow,Total,Latvia,2019,6
Iran,outflow,Women,Turkey,2016,2430
Iran,outflow,Women,Turkey,2017,2355
Iran,outflow,Women,Turkey,2018,3950
Iran,outflow,Women,Turkey,2019,8086
Iran,outflow,Total,Turkey,2016,5695
Iran,outflow,Total,Turkey,2017,5065
Iran,outflow,Total,Turkey,2018,9242
Iran,outflow,Total,Turkey,2019,18004
