CO2,Country of birth/nationality,Variable,Gender,Country,Year,Value,
IRN,Iran,Inflows of foreign population by nationality,Total,Australia,2000,878,0
IRN,Iran,Inflows of foreign population by nationality,Total,Australia,2001,847,
IRN,Iran,Inflows of foreign population by nationality,Total,Australia,2002,632,
IRN,Iran,Inflows of foreign population by nationality,Total,Australia,2003,780,
IRN,Iran,Inflows of foreign population by nationality,Total,Australia,2004,761,
IRN,Iran,Inflows of foreign population by nationality,Total,Australia,2005,987,
IRN,Iran,Inflows of foreign population by nationality,Total,Australia,2006,931,
IRN,Iran,Inflows of foreign population by nationality,Total,Australia,2007,977,
IRN,Iran,Inflows of foreign population by nationality,Total,Australia,2008,1153,
IRN,Iran,Inflows of foreign population by nationality,Total,Australia,2009,2041,
IRN,Iran,Inflows of foreign population by nationality,Total,Australia,2010,1832,
IRN,Iran,Inflows of foreign population by nationality,Total,Australia,2011,2559,
IRN,Iran,Inflows of foreign population by nationality,Total,Australia,2012,3024,
IRN,Iran,Inflows of foreign population by nationality,Total,Australia,2013,3068,
IRN,Iran,Inflows of foreign population by nationality,Total,Australia,2014,2693,
IRN,Iran,Inflows of foreign population by nationality,Total,Australia,2015,3935,
IRN,Iran,Inflows of foreign population by nationality,Total,Australia,2016,2785,
IRN,Iran,Inflows of foreign population by nationality,Total,Australia,2017,2818,
IRN,Iran,Inflows of foreign population by nationality,Total,Australia,2018,2560,
IRN,Iran,Inflows of foreign population by nationality,Total,Australia,2019,2163,
IRN,Iran,Inflows of foreign population by nationality,Total,Austria,2000,2466,
IRN,Iran,Inflows of foreign population by nationality,Total,Austria,2001,1060,
IRN,Iran,Inflows of foreign population by nationality,Total,Austria,2002,1007,
IRN,Iran,Inflows of foreign population by nationality,Total,Austria,2003,1152,
IRN,Iran,Inflows of foreign population by nationality,Total,Austria,2004,1008,
IRN,Iran,Inflows of foreign population by nationality,Total,Austria,2005,1033,
IRN,Iran,Inflows of foreign population by nationality,Total,Austria,2006,2161,
IRN,Iran,Inflows of foreign population by nationality,Total,Austria,2007,2004,
IRN,Iran,Inflows of foreign population by nationality,Total,Austria,2008,1701,
IRN,Iran,Inflows of foreign population by nationality,Total,Austria,2009,1872,
IRN,Iran,Inflows of foreign population by nationality,Total,Austria,2010,1627,
IRN,Iran,Inflows of foreign population by nationality,Total,Austria,2011,1349,
IRN,Iran,Inflows of foreign population by nationality,Total,Austria,2012,2409,
IRN,Iran,Inflows of foreign population by nationality,Total,Austria,2013,2595,
IRN,Iran,Inflows of foreign population by nationality,Total,Austria,2014,2612,
IRN,Iran,Inflows of foreign population by nationality,Total,Austria,2015,4673,
IRN,Iran,Inflows of foreign population by nationality,Total,Austria,2016,4678,
IRN,Iran,Inflows of foreign population by nationality,Total,Austria,2017,1806,
IRN,Iran,Inflows of foreign population by nationality,Total,Austria,2018,1699,
IRN,Iran,Inflows of foreign population by nationality,Total,Austria,2019,1400,
IRN,Iran,Inflows of foreign population by nationality,Total,Belgium,2008,242,
IRN,Iran,Inflows of foreign population by nationality,Total,Belgium,2009,277,
IRN,Iran,Inflows of foreign population by nationality,Total,Belgium,2010,350,
IRN,Iran,Inflows of foreign population by nationality,Total,Belgium,2011,374,
IRN,Iran,Inflows of foreign population by nationality,Total,Belgium,2012,644,
IRN,Iran,Inflows of foreign population by nationality,Total,Belgium,2013,460,
IRN,Iran,Inflows of foreign population by nationality,Total,Belgium,2014,338,
IRN,Iran,Inflows of foreign population by nationality,Total,Belgium,2015,644,
IRN,Iran,Inflows of foreign population by nationality,Total,Belgium,2016,437,
IRN,Iran,Inflows of foreign population by nationality,Total,Belgium,2017,447,
IRN,Iran,Inflows of foreign population by nationality,Total,Belgium,2018,750,
IRN,Iran,Inflows of foreign population by nationality,Total,Belgium,2019,1093,
IRN,Iran,Inflows of foreign population by nationality,Total,Canada,2000,5617,
IRN,Iran,Inflows of foreign population by nationality,Total,Canada,2001,5746,
IRN,Iran,Inflows of foreign population by nationality,Total,Canada,2002,7889,
IRN,Iran,Inflows of foreign population by nationality,Total,Canada,2003,5918,
IRN,Iran,Inflows of foreign population by nationality,Total,Canada,2004,6348,
IRN,Iran,Inflows of foreign population by nationality,Total,Canada,2005,5837,
IRN,Iran,Inflows of foreign population by nationality,Total,Canada,2006,7480,
IRN,Iran,Inflows of foreign population by nationality,Total,Canada,2007,6974,
IRN,Iran,Inflows of foreign population by nationality,Total,Canada,2008,6474,
IRN,Iran,Inflows of foreign population by nationality,Total,Canada,2009,6580,
IRN,Iran,Inflows of foreign population by nationality,Total,Canada,2010,7477,
IRN,Iran,Inflows of foreign population by nationality,Total,Canada,2011,7479,
IRN,Iran,Inflows of foreign population by nationality,Total,Canada,2012,7525,
IRN,Iran,Inflows of foreign population by nationality,Total,Canada,2013,11288,
IRN,Iran,Inflows of foreign population by nationality,Total,Canada,2014,16772,
IRN,Iran,Inflows of foreign population by nationality,Total,Canada,2015,11668,
IRN,Iran,Inflows of foreign population by nationality,Total,Canada,2016,6485,
IRN,Iran,Inflows of foreign population by nationality,Total,Canada,2017,4735,
IRN,Iran,Inflows of foreign population by nationality,Total,Canada,2018,5510,
IRN,Iran,Inflows of foreign population by nationality,Total,Canada,2019,6055,
IRN,Iran,Inflows of foreign population by nationality,Total,Czech Republic,2003,25,
IRN,Iran,Inflows of foreign population by nationality,Total,Czech Republic,2004,16,
IRN,Iran,Inflows of foreign population by nationality,Total,Czech Republic,2005,26,
IRN,Iran,Inflows of foreign population by nationality,Total,Czech Republic,2006,38,
IRN,Iran,Inflows of foreign population by nationality,Total,Czech Republic,2007,68,
IRN,Iran,Inflows of foreign population by nationality,Total,Czech Republic,2008,54,
IRN,Iran,Inflows of foreign population by nationality,Total,Czech Republic,2009,64,
IRN,Iran,Inflows of foreign population by nationality,Total,Czech Republic,2010,79,
IRN,Iran,Inflows of foreign population by nationality,Total,Czech Republic,2011,27,
IRN,Iran,Inflows of foreign population by nationality,Total,Czech Republic,2012,35,
IRN,Iran,Inflows of foreign population by nationality,Total,Czech Republic,2013,58,
IRN,Iran,Inflows of foreign population by nationality,Total,Czech Republic,2014,63,
IRN,Iran,Inflows of foreign population by nationality,Total,Czech Republic,2015,66,
IRN,Iran,Inflows of foreign population by nationality,Total,Czech Republic,2016,73,
IRN,Iran,Inflows of foreign population by nationality,Total,Czech Republic,2017,127,
IRN,Iran,Inflows of foreign population by nationality,Total,Czech Republic,2018,189,
IRN,Iran,Inflows of foreign population by nationality,Total,Czech Republic,2019,241,
IRN,Iran,Inflows of foreign population by nationality,Total,Denmark,2000,401,
IRN,Iran,Inflows of foreign population by nationality,Total,Denmark,2001,348,
IRN,Iran,Inflows of foreign population by nationality,Total,Denmark,2002,463,
IRN,Iran,Inflows of foreign population by nationality,Total,Denmark,2003,241,
IRN,Iran,Inflows of foreign population by nationality,Total,Denmark,2004,193,
IRN,Iran,Inflows of foreign population by nationality,Total,Denmark,2005,197,
IRN,Iran,Inflows of foreign population by nationality,Total,Denmark,2006,281,
IRN,Iran,Inflows of foreign population by nationality,Total,Denmark,2007,130,
IRN,Iran,Inflows of foreign population by nationality,Total,Denmark,2008,210,
IRN,Iran,Inflows of foreign population by nationality,Total,Denmark,2009,296,
IRN,Iran,Inflows of foreign population by nationality,Total,Denmark,2010,461,
IRN,Iran,Inflows of foreign population by nationality,Total,Denmark,2011,567,
IRN,Iran,Inflows of foreign population by nationality,Total,Denmark,2012,592,
IRN,Iran,Inflows of foreign population by nationality,Total,Denmark,2013,931,
IRN,Iran,Inflows of foreign population by nationality,Total,Denmark,2014,939,
IRN,Iran,Inflows of foreign population by nationality,Total,Denmark,2015,0,
IRN,Iran,Inflows of foreign population by nationality,Total,Denmark,2016,819,
IRN,Iran,Inflows of foreign population by nationality,Total,Denmark,2017,1273,
IRN,Iran,Inflows of foreign population by nationality,Total,Denmark,2018,624,
IRN,Iran,Inflows of foreign population by nationality,Total,Denmark,2019,543,
IRN,Iran,Inflows of foreign population by nationality,Total,Finland,2000,160,
IRN,Iran,Inflows of foreign population by nationality,Total,Finland,2001,256,
IRN,Iran,Inflows of foreign population by nationality,Total,Finland,2002,237,
IRN,Iran,Inflows of foreign population by nationality,Total,Finland,2003,257,
IRN,Iran,Inflows of foreign population by nationality,Total,Finland,2004,232,
IRN,Iran,Inflows of foreign population by nationality,Total,Finland,2005,215,
IRN,Iran,Inflows of foreign population by nationality,Total,Finland,2006,221,
IRN,Iran,Inflows of foreign population by nationality,Total,Finland,2007,189,
IRN,Iran,Inflows of foreign population by nationality,Total,Finland,2008,231,
IRN,Iran,Inflows of foreign population by nationality,Total,Finland,2009,150,
IRN,Iran,Inflows of foreign population by nationality,Total,Finland,2010,209,
IRN,Iran,Inflows of foreign population by nationality,Total,Finland,2011,268,
IRN,Iran,Inflows of foreign population by nationality,Total,Finland,2012,333,
IRN,Iran,Inflows of foreign population by nationality,Total,Finland,2013,403,
IRN,Iran,Inflows of foreign population by nationality,Total,Finland,2014,414,
IRN,Iran,Inflows of foreign population by nationality,Total,Finland,2015,265,
IRN,Iran,Inflows of foreign population by nationality,Total,Finland,2016,440,
IRN,Iran,Inflows of foreign population by nationality,Total,Finland,2017,337,
IRN,Iran,Inflows of foreign population by nationality,Total,Finland,2018,282,
IRN,Iran,Inflows of foreign population by nationality,Total,Finland,2019,420,
IRN,Iran,Inflows of foreign population by nationality,Total,France,2000,488,
IRN,Iran,Inflows of foreign population by nationality,Total,France,2001,502,
IRN,Iran,Inflows of foreign population by nationality,Total,France,2002,510,
IRN,Iran,Inflows of foreign population by nationality,Total,France,2003,503,
IRN,Iran,Inflows of foreign population by nationality,Total,France,2004,479,
IRN,Iran,Inflows of foreign population by nationality,Total,France,2005,379,
IRN,Iran,Inflows of foreign population by nationality,Total,France,2006,529,
IRN,Iran,Inflows of foreign population by nationality,Total,France,2007,461,
IRN,Iran,Inflows of foreign population by nationality,Total,France,2008,405,
IRN,Iran,Inflows of foreign population by nationality,Total,France,2009,478,
IRN,Iran,Inflows of foreign population by nationality,Total,France,2010,599,
IRN,Iran,Inflows of foreign population by nationality,Total,France,2011,542,
IRN,Iran,Inflows of foreign population by nationality,Total,France,2012,567,
IRN,Iran,Inflows of foreign population by nationality,Total,France,2013,576,
IRN,Iran,Inflows of foreign population by nationality,Total,France,2014,404,
IRN,Iran,Inflows of foreign population by nationality,Total,France,2015,441,
IRN,Iran,Inflows of foreign population by nationality,Total,France,2016,566,
IRN,Iran,Inflows of foreign population by nationality,Total,France,2017,792,
IRN,Iran,Inflows of foreign population by nationality,Total,France,2018,1057,
IRN,Iran,Inflows of foreign population by nationality,Total,France,2019,1019,
IRN,Iran,Inflows of foreign population by nationality,Total,Germany,2000,7753,
IRN,Iran,Inflows of foreign population by nationality,Total,Germany,2001,6740,
IRN,Iran,Inflows of foreign population by nationality,Total,Germany,2002,6105,
IRN,Iran,Inflows of foreign population by nationality,Total,Germany,2003,5017,
IRN,Iran,Inflows of foreign population by nationality,Total,Germany,2004,4219,
IRN,Iran,Inflows of foreign population by nationality,Total,Germany,2005,3377,
IRN,Iran,Inflows of foreign population by nationality,Total,Germany,2006,2851,
IRN,Iran,Inflows of foreign population by nationality,Total,Germany,2007,2632,
IRN,Iran,Inflows of foreign population by nationality,Total,Germany,2008,3257,
IRN,Iran,Inflows of foreign population by nationality,Total,Germany,2009,3951,
IRN,Iran,Inflows of foreign population by nationality,Total,Germany,2010,5695,
IRN,Iran,Inflows of foreign population by nationality,Total,Germany,2011,7175,
IRN,Iran,Inflows of foreign population by nationality,Total,Germany,2012,8215,
IRN,Iran,Inflows of foreign population by nationality,Total,Germany,2013,8250,
IRN,Iran,Inflows of foreign population by nationality,Total,Germany,2014,7122,
IRN,Iran,Inflows of foreign population by nationality,Total,Germany,2015,17187,
IRN,Iran,Inflows of foreign population by nationality,Total,Germany,2016,23009,
IRN,Iran,Inflows of foreign population by nationality,Total,Germany,2017,13676,
IRN,Iran,Inflows of foreign population by nationality,Total,Germany,2018,19400,
IRN,Iran,Inflows of foreign population by nationality,Total,Germany,2019,16183,
IRN,Iran,Inflows of foreign population by nationality,Total,Hungary,2001,0,
IRN,Iran,Inflows of foreign population by nationality,Total,Hungary,2002,0,
IRN,Iran,Inflows of foreign population by nationality,Total,Hungary,2003,0,
IRN,Iran,Inflows of foreign population by nationality,Total,Hungary,2004,0,
IRN,Iran,Inflows of foreign population by nationality,Total,Hungary,2005,188,
IRN,Iran,Inflows of foreign population by nationality,Total,Hungary,2006,433,
IRN,Iran,Inflows of foreign population by nationality,Total,Hungary,2007,232,
IRN,Iran,Inflows of foreign population by nationality,Total,Hungary,2008,476,
IRN,Iran,Inflows of foreign population by nationality,Total,Hungary,2009,454,
IRN,Iran,Inflows of foreign population by nationality,Total,Hungary,2010,403,
IRN,Iran,Inflows of foreign population by nationality,Total,Hungary,2011,433,
IRN,Iran,Inflows of foreign population by nationality,Total,Hungary,2012,351,
IRN,Iran,Inflows of foreign population by nationality,Total,Hungary,2013,279,
IRN,Iran,Inflows of foreign population by nationality,Total,Hungary,2014,349,
IRN,Iran,Inflows of foreign population by nationality,Total,Hungary,2015,492,
IRN,Iran,Inflows of foreign population by nationality,Total,Hungary,2016,623,
IRN,Iran,Inflows of foreign population by nationality,Total,Hungary,2017,1009,
IRN,Iran,Inflows of foreign population by nationality,Total,Hungary,2018,771,
IRN,Iran,Inflows of foreign population by nationality,Total,Hungary,2019,467,
IRN,Iran,Inflows of foreign population by nationality,Total,Iceland,2000,1,
IRN,Iran,Inflows of foreign population by nationality,Total,Iceland,2001,2,
IRN,Iran,Inflows of foreign population by nationality,Total,Iceland,2002,1,
IRN,Iran,Inflows of foreign population by nationality,Total,Iceland,2003,6,
IRN,Iran,Inflows of foreign population by nationality,Total,Iceland,2004,2,
IRN,Iran,Inflows of foreign population by nationality,Total,Iceland,2005,2,
IRN,Iran,Inflows of foreign population by nationality,Total,Iceland,2006,7,
IRN,Iran,Inflows of foreign population by nationality,Total,Iceland,2007,8,
IRN,Iran,Inflows of foreign population by nationality,Total,Iceland,2008,5,
IRN,Iran,Inflows of foreign population by nationality,Total,Iceland,2009,3,
IRN,Iran,Inflows of foreign population by nationality,Total,Iceland,2010,6,
IRN,Iran,Inflows of foreign population by nationality,Total,Iceland,2011,10,
IRN,Iran,Inflows of foreign population by nationality,Total,Iceland,2012,11,
IRN,Iran,Inflows of foreign population by nationality,Total,Iceland,2013,7,
IRN,Iran,Inflows of foreign population by nationality,Total,Iceland,2014,10,
IRN,Iran,Inflows of foreign population by nationality,Total,Iceland,2015,16,
IRN,Iran,Inflows of foreign population by nationality,Total,Iceland,2016,33,
IRN,Iran,Inflows of foreign population by nationality,Total,Iceland,2017,10,
IRN,Iran,Inflows of foreign population by nationality,Total,Iceland,2018,39,
IRN,Iran,Inflows of foreign population by nationality,Total,Iceland,2019,44,
IRN,Iran,Inflows of foreign population by nationality,Total,Italy,2000,414,
IRN,Iran,Inflows of foreign population by nationality,Total,Italy,2002,420,
IRN,Iran,Inflows of foreign population by nationality,Total,Italy,2003,400,
IRN,Iran,Inflows of foreign population by nationality,Total,Italy,2004,537,
IRN,Iran,Inflows of foreign population by nationality,Total,Italy,2005,395,
IRN,Iran,Inflows of foreign population by nationality,Total,Italy,2006,424,
IRN,Iran,Inflows of foreign population by nationality,Total,Italy,2007,377,
IRN,Iran,Inflows of foreign population by nationality,Total,Italy,2008,483,
IRN,Iran,Inflows of foreign population by nationality,Total,Italy,2009,611,
IRN,Iran,Inflows of foreign population by nationality,Total,Italy,2010,744,
IRN,Iran,Inflows of foreign population by nationality,Total,Italy,2011,940,
IRN,Iran,Inflows of foreign population by nationality,Total,Italy,2012,1378,
IRN,Iran,Inflows of foreign population by nationality,Total,Italy,2013,1397,
IRN,Iran,Inflows of foreign population by nationality,Total,Italy,2014,1205,
IRN,Iran,Inflows of foreign population by nationality,Total,Italy,2015,1190,
IRN,Iran,Inflows of foreign population by nationality,Total,Italy,2016,1045,
IRN,Iran,Inflows of foreign population by nationality,Total,Italy,2017,1304,
IRN,Iran,Inflows of foreign population by nationality,Total,Italy,2018,1353,
IRN,Iran,Inflows of foreign population by nationality,Total,Italy,2019,1648,
IRN,Iran,Inflows of foreign population by nationality,Total,Japan,2006,408,
IRN,Iran,Inflows of foreign population by nationality,Total,Japan,2007,575,
IRN,Iran,Inflows of foreign population by nationality,Total,Japan,2008,450,
IRN,Iran,Inflows of foreign population by nationality,Total,Japan,2009,450,
IRN,Iran,Inflows of foreign population by nationality,Total,Japan,2010,449,
IRN,Iran,Inflows of foreign population by nationality,Total,Japan,2011,360,
IRN,Iran,Inflows of foreign population by nationality,Total,Japan,2012,384,
IRN,Iran,Inflows of foreign population by nationality,Total,Japan,2013,273,
IRN,Iran,Inflows of foreign population by nationality,Total,Japan,2014,334,
IRN,Iran,Inflows of foreign population by nationality,Total,Japan,2015,448,
IRN,Iran,Inflows of foreign population by nationality,Total,Japan,2016,475,
IRN,Iran,Inflows of foreign population by nationality,Total,Japan,2017,439,
IRN,Iran,Inflows of foreign population by nationality,Total,Japan,2018,370,
IRN,Iran,Inflows of foreign population by nationality,Total,Japan,2019,428,
IRN,Iran,Inflows of foreign population by nationality,Total,Korea,2000,1746,
IRN,Iran,Inflows of foreign population by nationality,Total,Korea,2001,998,
IRN,Iran,Inflows of foreign population by nationality,Total,Korea,2002,384,
IRN,Iran,Inflows of foreign population by nationality,Total,Korea,2003,359,
IRN,Iran,Inflows of foreign population by nationality,Total,Korea,2004,394,
IRN,Iran,Inflows of foreign population by nationality,Total,Korea,2005,293,
IRN,Iran,Inflows of foreign population by nationality,Total,Korea,2006,253,
IRN,Iran,Inflows of foreign population by nationality,Total,Korea,2007,203,
IRN,Iran,Inflows of foreign population by nationality,Total,Korea,2008,242,
IRN,Iran,Inflows of foreign population by nationality,Total,Korea,2009,152,
IRN,Iran,Inflows of foreign population by nationality,Total,Korea,2010,217,
IRN,Iran,Inflows of foreign population by nationality,Total,Korea,2011,229,
IRN,Iran,Inflows of foreign population by nationality,Total,Korea,2012,211,
IRN,Iran,Inflows of foreign population by nationality,Total,Korea,2013,250,
IRN,Iran,Inflows of foreign population by nationality,Total,Korea,2014,243,
IRN,Iran,Inflows of foreign population by nationality,Total,Korea,2015,253,
IRN,Iran,Inflows of foreign population by nationality,Total,Korea,2016,293,
IRN,Iran,Inflows of foreign population by nationality,Total,Korea,2017,410,
IRN,Iran,Inflows of foreign population by nationality,Total,Korea,2018,351,
IRN,Iran,Inflows of foreign population by nationality,Total,Korea,2019,273,
IRN,Iran,Inflows of foreign population by nationality,Total,Luxembourg,2000,20,
IRN,Iran,Inflows of foreign population by nationality,Total,Luxembourg,2001,15,
IRN,Iran,Inflows of foreign population by nationality,Total,Luxembourg,2002,15,
IRN,Iran,Inflows of foreign population by nationality,Total,Luxembourg,2003,24,
IRN,Iran,Inflows of foreign population by nationality,Total,Luxembourg,2004,26,
IRN,Iran,Inflows of foreign population by nationality,Total,Luxembourg,2005,44,
IRN,Iran,Inflows of foreign population by nationality,Total,Luxembourg,2006,32,
IRN,Iran,Inflows of foreign population by nationality,Total,Luxembourg,2007,28,
IRN,Iran,Inflows of foreign population by nationality,Total,Luxembourg,2008,30,
IRN,Iran,Inflows of foreign population by nationality,Total,Luxembourg,2009,28,
IRN,Iran,Inflows of foreign population by nationality,Total,Luxembourg,2010,50,
IRN,Iran,Inflows of foreign population by nationality,Total,Luxembourg,2011,32,
IRN,Iran,Inflows of foreign population by nationality,Total,Luxembourg,2012,48,
IRN,Iran,Inflows of foreign population by nationality,Total,Luxembourg,2013,28,
IRN,Iran,Inflows of foreign population by nationality,Total,Luxembourg,2014,22,
IRN,Iran,Inflows of foreign population by nationality,Total,Luxembourg,2015,79,
IRN,Iran,Inflows of foreign population by nationality,Total,Luxembourg,2016,55,
IRN,Iran,Inflows of foreign population by nationality,Total,Luxembourg,2017,59,
IRN,Iran,Inflows of foreign population by nationality,Total,Luxembourg,2018,75,
IRN,Iran,Inflows of foreign population by nationality,Total,Luxembourg,2019,95,
IRN,Iran,Inflows of foreign population by nationality,Total,Mexico,2007,15,
IRN,Iran,Inflows of foreign population by nationality,Total,Mexico,2008,12,
IRN,Iran,Inflows of foreign population by nationality,Total,Mexico,2009,10,
IRN,Iran,Inflows of foreign population by nationality,Total,Mexico,2010,12,
IRN,Iran,Inflows of foreign population by nationality,Total,Mexico,2011,28,
IRN,Iran,Inflows of foreign population by nationality,Total,Mexico,2012,15,
IRN,Iran,Inflows of foreign population by nationality,Total,Mexico,2013,26,
IRN,Iran,Inflows of foreign population by nationality,Total,Mexico,2014,20,
IRN,Iran,Inflows of foreign population by nationality,Total,Mexico,2015,30,
IRN,Iran,Inflows of foreign population by nationality,Total,Mexico,2016,16,
IRN,Iran,Inflows of foreign population by nationality,Total,Mexico,2017,23,
IRN,Iran,Inflows of foreign population by nationality,Total,Mexico,2018,12,
IRN,Iran,Inflows of foreign population by nationality,Total,Mexico,2019,11,
IRN,Iran,Inflows of foreign population by nationality,Total,Netherlands,2000,392,
IRN,Iran,Inflows of foreign population by nationality,Total,Netherlands,2001,466,
IRN,Iran,Inflows of foreign population by nationality,Total,Netherlands,2002,381,
IRN,Iran,Inflows of foreign population by nationality,Total,Netherlands,2003,427,
IRN,Iran,Inflows of foreign population by nationality,Total,Netherlands,2004,323,
IRN,Iran,Inflows of foreign population by nationality,Total,Netherlands,2005,307,
IRN,Iran,Inflows of foreign population by nationality,Total,Netherlands,2006,363,
IRN,Iran,Inflows of foreign population by nationality,Total,Netherlands,2007,419,
IRN,Iran,Inflows of foreign population by nationality,Total,Netherlands,2008,584,
IRN,Iran,Inflows of foreign population by nationality,Total,Netherlands,2009,636,
IRN,Iran,Inflows of foreign population by nationality,Total,Netherlands,2010,689,
IRN,Iran,Inflows of foreign population by nationality,Total,Netherlands,2011,883,
IRN,Iran,Inflows of foreign population by nationality,Total,Netherlands,2012,624,
IRN,Iran,Inflows of foreign population by nationality,Total,Netherlands,2013,695,
IRN,Iran,Inflows of foreign population by nationality,Total,Netherlands,2014,853,
IRN,Iran,Inflows of foreign population by nationality,Total,Netherlands,2015,910,
IRN,Iran,Inflows of foreign population by nationality,Total,Netherlands,2016,1851,
IRN,Iran,Inflows of foreign population by nationality,Total,Netherlands,2017,1481,
IRN,Iran,Inflows of foreign population by nationality,Total,Netherlands,2018,1852,
IRN,Iran,Inflows of foreign population by nationality,Total,Netherlands,2019,3215,
IRN,Iran,Inflows of foreign population by nationality,Total,New Zealand,2000,258,
IRN,Iran,Inflows of foreign population by nationality,Total,New Zealand,2001,264,
IRN,Iran,Inflows of foreign population by nationality,Total,New Zealand,2002,230,
IRN,Iran,Inflows of foreign population by nationality,Total,New Zealand,2003,255,
IRN,Iran,Inflows of foreign population by nationality,Total,New Zealand,2004,167,
IRN,Iran,Inflows of foreign population by nationality,Total,New Zealand,2005,259,
IRN,Iran,Inflows of foreign population by nationality,Total,New Zealand,2006,178,
IRN,Iran,Inflows of foreign population by nationality,Total,New Zealand,2007,153,
IRN,Iran,Inflows of foreign population by nationality,Total,New Zealand,2008,191,
IRN,Iran,Inflows of foreign population by nationality,Total,New Zealand,2009,206,
IRN,Iran,Inflows of foreign population by nationality,Total,New Zealand,2010,266,
IRN,Iran,Inflows of foreign population by nationality,Total,New Zealand,2011,261,
IRN,Iran,Inflows of foreign population by nationality,Total,New Zealand,2012,271,
IRN,Iran,Inflows of foreign population by nationality,Total,New Zealand,2013,309,
IRN,Iran,Inflows of foreign population by nationality,Total,New Zealand,2014,389,
IRN,Iran,Inflows of foreign population by nationality,Total,New Zealand,2015,321,
IRN,Iran,Inflows of foreign population by nationality,Total,New Zealand,2016,318,
IRN,Iran,Inflows of foreign population by nationality,Total,New Zealand,2017,347,
IRN,Iran,Inflows of foreign population by nationality,Total,New Zealand,2018,340,
IRN,Iran,Inflows of foreign population by nationality,Total,New Zealand,2019,294,
IRN,Iran,Inflows of foreign population by nationality,Total,Norway,2000,582,
IRN,Iran,Inflows of foreign population by nationality,Total,Norway,2001,848,
IRN,Iran,Inflows of foreign population by nationality,Total,Norway,2002,756,
IRN,Iran,Inflows of foreign population by nationality,Total,Norway,2003,698,
IRN,Iran,Inflows of foreign population by nationality,Total,Norway,2004,475,
IRN,Iran,Inflows of foreign population by nationality,Total,Norway,2005,338,
IRN,Iran,Inflows of foreign population by nationality,Total,Norway,2006,279,
IRN,Iran,Inflows of foreign population by nationality,Total,Norway,2007,412,
IRN,Iran,Inflows of foreign population by nationality,Total,Norway,2008,422,
IRN,Iran,Inflows of foreign population by nationality,Total,Norway,2009,522,
IRN,Iran,Inflows of foreign population by nationality,Total,Norway,2010,548,
IRN,Iran,Inflows of foreign population by nationality,Total,Norway,2011,812,
IRN,Iran,Inflows of foreign population by nationality,Total,Norway,2012,755,
IRN,Iran,Inflows of foreign population by nationality,Total,Norway,2013,753,
IRN,Iran,Inflows of foreign population by nationality,Total,Norway,2014,441,
IRN,Iran,Inflows of foreign population by nationality,Total,Norway,2015,399,
IRN,Iran,Inflows of foreign population by nationality,Total,Norway,2016,722,
IRN,Iran,Inflows of foreign population by nationality,Total,Norway,2017,726,
IRN,Iran,Inflows of foreign population by nationality,Total,Norway,2018,452,
IRN,Iran,Inflows of foreign population by nationality,Total,Norway,2019,501,
IRN,Iran,Inflows of foreign population by nationality,Total,Poland,2005,40,
IRN,Iran,Inflows of foreign population by nationality,Total,Poland,2006,49,
IRN,Iran,Inflows of foreign population by nationality,Total,Poland,2007,64,
IRN,Iran,Inflows of foreign population by nationality,Total,Poland,2008,68,
IRN,Iran,Inflows of foreign population by nationality,Total,Poland,2009,73,
IRN,Iran,Inflows of foreign population by nationality,Total,Poland,2010,111,
IRN,Iran,Inflows of foreign population by nationality,Total,Poland,2011,126,
IRN,Iran,Inflows of foreign population by nationality,Total,Poland,2012,132,
IRN,Iran,Inflows of foreign population by nationality,Total,Poland,2013,174,
IRN,Iran,Inflows of foreign population by nationality,Total,Poland,2014,89,
IRN,Iran,Inflows of foreign population by nationality,Total,Poland,2015,181,
IRN,Iran,Inflows of foreign population by nationality,Total,Poland,2016,197,
IRN,Iran,Inflows of foreign population by nationality,Total,Poland,2017,233,
IRN,Iran,Inflows of foreign population by nationality,Total,Poland,2018,243,
IRN,Iran,Inflows of foreign population by nationality,Total,Poland,2019,289,
IRN,Iran,Inflows of foreign population by nationality,Total,Slovak Republic,2003,12,
IRN,Iran,Inflows of foreign population by nationality,Total,Slovak Republic,2004,19,
IRN,Iran,Inflows of foreign population by nationality,Total,Slovak Republic,2005,12,
IRN,Iran,Inflows of foreign population by nationality,Total,Slovak Republic,2006,7,
IRN,Iran,Inflows of foreign population by nationality,Total,Slovak Republic,2007,1,
IRN,Iran,Inflows of foreign population by nationality,Total,Slovak Republic,2008,2,
IRN,Iran,Inflows of foreign population by nationality,Total,Slovak Republic,2009,3,
IRN,Iran,Inflows of foreign population by nationality,Total,Slovak Republic,2010,7,
IRN,Iran,Inflows of foreign population by nationality,Total,Slovak Republic,2011,1,
IRN,Iran,Inflows of foreign population by nationality,Total,Slovak Republic,2012,4,
IRN,Iran,Inflows of foreign population by nationality,Total,Slovak Republic,2013,3,
IRN,Iran,Inflows of foreign population by nationality,Total,Slovak Republic,2014,3,
IRN,Iran,Inflows of foreign population by nationality,Total,Slovak Republic,2015,7,
IRN,Iran,Inflows of foreign population by nationality,Total,Slovak Republic,2016,4,
IRN,Iran,Inflows of foreign population by nationality,Total,Slovak Republic,2017,3,
IRN,Iran,Inflows of foreign population by nationality,Total,Slovak Republic,2018,5,
IRN,Iran,Inflows of foreign population by nationality,Total,Slovak Republic,2019,11,
IRN,Iran,Inflows of foreign population by nationality,Total,Spain,2000,236,
IRN,Iran,Inflows of foreign population by nationality,Total,Spain,2001,223,
IRN,Iran,Inflows of foreign population by nationality,Total,Spain,2002,177,
IRN,Iran,Inflows of foreign population by nationality,Total,Spain,2003,212,
IRN,Iran,Inflows of foreign population by nationality,Total,Spain,2004,313,
IRN,Iran,Inflows of foreign population by nationality,Total,Spain,2005,266,
IRN,Iran,Inflows of foreign population by nationality,Total,Spain,2006,304,
IRN,Iran,Inflows of foreign population by nationality,Total,Spain,2007,297,
IRN,Iran,Inflows of foreign population by nationality,Total,Spain,2008,280,
IRN,Iran,Inflows of foreign population by nationality,Total,Spain,2009,291,
IRN,Iran,Inflows of foreign population by nationality,Total,Spain,2010,363,
IRN,Iran,Inflows of foreign population by nationality,Total,Spain,2011,490,
IRN,Iran,Inflows of foreign population by nationality,Total,Spain,2012,616,
IRN,Iran,Inflows of foreign population by nationality,Total,Spain,2013,456,
IRN,Iran,Inflows of foreign population by nationality,Total,Spain,2014,485,
IRN,Iran,Inflows of foreign population by nationality,Total,Spain,2015,549,
IRN,Iran,Inflows of foreign population by nationality,Total,Spain,2016,737,
IRN,Iran,Inflows of foreign population by nationality,Total,Spain,2017,1478,
IRN,Iran,Inflows of foreign population by nationality,Total,Spain,2018,0,
IRN,Iran,Inflows of foreign population by nationality,Total,Spain,2019,0,
IRN,Iran,Inflows of foreign population by nationality,Total,Sweden,2000,1106,
IRN,Iran,Inflows of foreign population by nationality,Total,Sweden,2001,1301,
IRN,Iran,Inflows of foreign population by nationality,Total,Sweden,2002,1365,
IRN,Iran,Inflows of foreign population by nationality,Total,Sweden,2003,1016,
IRN,Iran,Inflows of foreign population by nationality,Total,Sweden,2004,1477,
IRN,Iran,Inflows of foreign population by nationality,Total,Sweden,2005,1063,
IRN,Iran,Inflows of foreign population by nationality,Total,Sweden,2006,2008,
IRN,Iran,Inflows of foreign population by nationality,Total,Sweden,2007,1427,
IRN,Iran,Inflows of foreign population by nationality,Total,Sweden,2008,1766,
IRN,Iran,Inflows of foreign population by nationality,Total,Sweden,2009,2416,
IRN,Iran,Inflows of foreign population by nationality,Total,Sweden,2010,2820,
IRN,Iran,Inflows of foreign population by nationality,Total,Sweden,2011,2168,
IRN,Iran,Inflows of foreign population by nationality,Total,Sweden,2012,2111,
IRN,Iran,Inflows of foreign population by nationality,Total,Sweden,2013,1988,
IRN,Iran,Inflows of foreign population by nationality,Total,Sweden,2014,1744,
IRN,Iran,Inflows of foreign population by nationality,Total,Sweden,2015,1334,
IRN,Iran,Inflows of foreign population by nationality,Total,Sweden,2016,1702,
IRN,Iran,Inflows of foreign population by nationality,Total,Sweden,2017,2348,
IRN,Iran,Inflows of foreign population by nationality,Total,Sweden,2018,2504,
IRN,Iran,Inflows of foreign population by nationality,Total,Sweden,2019,2300,
IRN,Iran,Inflows of foreign population by nationality,Total,Switzerland,2010,522,
IRN,Iran,Inflows of foreign population by nationality,Total,Switzerland,2011,524,
IRN,Iran,Inflows of foreign population by nationality,Total,Switzerland,2012,467,
IRN,Iran,Inflows of foreign population by nationality,Total,Switzerland,2013,437,
IRN,Iran,Inflows of foreign population by nationality,Total,Switzerland,2014,386,
IRN,Iran,Inflows of foreign population by nationality,Total,Switzerland,2015,440,
IRN,Iran,Inflows of foreign population by nationality,Total,Switzerland,2016,439,
IRN,Iran,Inflows of foreign population by nationality,Total,Switzerland,2017,485,
IRN,Iran,Inflows of foreign population by nationality,Total,Switzerland,2018,606,
IRN,Iran,Inflows of foreign population by nationality,Total,Switzerland,2019,545,
IRN,Iran,Inflows of foreign population by nationality,Total,Turkey,2010,1539,
IRN,Iran,Inflows of foreign population by nationality,Total,Turkey,2016,15539,
IRN,Iran,Inflows of foreign population by nationality,Total,Turkey,2017,17794,
IRN,Iran,Inflows of foreign population by nationality,Total,Turkey,2018,31922,
IRN,Iran,Inflows of foreign population by nationality,Total,Turkey,2019,42351,
IRN,Iran,Inflows of foreign population by nationality,Total,United Kingdom,2000,906,
IRN,Iran,Inflows of foreign population by nationality,Total,United Kingdom,2001,1141,
IRN,Iran,Inflows of foreign population by nationality,Total,United Kingdom,2009,4000,
IRN,Iran,Inflows of foreign population by nationality,Total,United Kingdom,2011,2000,
IRN,Iran,Inflows of foreign population by nationality,Total,United Kingdom,2012,1000,
IRN,Iran,Inflows of foreign population by nationality,Total,United Kingdom,2014,1000,
IRN,Iran,Inflows of foreign population by nationality,Total,United States,2000,8487,
IRN,Iran,Inflows of foreign population by nationality,Total,United States,2001,10425,
IRN,Iran,Inflows of foreign population by nationality,Total,United States,2002,12960,
IRN,Iran,Inflows of foreign population by nationality,Total,United States,2003,7230,
IRN,Iran,Inflows of foreign population by nationality,Total,United States,2004,10434,
IRN,Iran,Inflows of foreign population by nationality,Total,United States,2005,13887,
IRN,Iran,Inflows of foreign population by nationality,Total,United States,2006,13947,
IRN,Iran,Inflows of foreign population by nationality,Total,United States,2007,10460,
IRN,Iran,Inflows of foreign population by nationality,Total,United States,2008,13852,
IRN,Iran,Inflows of foreign population by nationality,Total,United States,2009,18553,
IRN,Iran,Inflows of foreign population by nationality,Total,United States,2010,14182,
IRN,Iran,Inflows of foreign population by nationality,Total,United States,2011,14822,
IRN,Iran,Inflows of foreign population by nationality,Total,United States,2012,12916,
IRN,Iran,Inflows of foreign population by nationality,Total,United States,2013,12863,
IRN,Iran,Inflows of foreign population by nationality,Total,United States,2014,11615,
IRN,Iran,Inflows of foreign population by nationality,Total,United States,2015,13114,
IRN,Iran,Inflows of foreign population by nationality,Total,United States,2016,13298,
IRN,Iran,Inflows of foreign population by nationality,Total,United States,2017,13791,
IRN,Iran,Inflows of foreign population by nationality,Total,United States,2018,10116,
IRN,Iran,Inflows of foreign population by nationality,Total,United States,2019,5789,
IRN,Iran,Inflows of foreign population by nationality,Total,Chile,2000,8,
IRN,Iran,Inflows of foreign population by nationality,Total,Chile,2001,5,
IRN,Iran,Inflows of foreign population by nationality,Total,Chile,2002,9,
IRN,Iran,Inflows of foreign population by nationality,Total,Chile,2003,1,
IRN,Iran,Inflows of foreign population by nationality,Total,Chile,2004,3,
IRN,Iran,Inflows of foreign population by nationality,Total,Chile,2005,10,
IRN,Iran,Inflows of foreign population by nationality,Total,Chile,2006,7,
IRN,Iran,Inflows of foreign population by nationality,Total,Chile,2007,7,
IRN,Iran,Inflows of foreign population by nationality,Total,Chile,2008,6,
IRN,Iran,Inflows of foreign population by nationality,Total,Chile,2009,5,
IRN,Iran,Inflows of foreign population by nationality,Total,Chile,2010,2,
IRN,Iran,Inflows of foreign population by nationality,Total,Chile,2011,6,
IRN,Iran,Inflows of foreign population by nationality,Total,Chile,2012,7,
IRN,Iran,Inflows of foreign population by nationality,Total,Chile,2013,20,
IRN,Iran,Inflows of foreign population by nationality,Total,Chile,2014,21,
IRN,Iran,Inflows of foreign population by nationality,Total,Chile,2015,29,
IRN,Iran,Inflows of foreign population by nationality,Total,Chile,2016,20,
IRN,Iran,Inflows of foreign population by nationality,Total,Estonia,2004,0,
IRN,Iran,Inflows of foreign population by nationality,Total,Estonia,2005,0,
IRN,Iran,Inflows of foreign population by nationality,Total,Estonia,2006,0,
IRN,Iran,Inflows of foreign population by nationality,Total,Estonia,2007,0,
IRN,Iran,Inflows of foreign population by nationality,Total,Estonia,2008,3,
IRN,Iran,Inflows of foreign population by nationality,Total,Estonia,2009,2,
IRN,Iran,Inflows of foreign population by nationality,Total,Estonia,2010,2,
IRN,Iran,Inflows of foreign population by nationality,Total,Estonia,2011,5,
IRN,Iran,Inflows of foreign population by nationality,Total,Estonia,2012,5,
IRN,Iran,Inflows of foreign population by nationality,Total,Estonia,2013,10,
IRN,Iran,Inflows of foreign population by nationality,Total,Estonia,2014,5,
IRN,Iran,Inflows of foreign population by nationality,Total,Estonia,2015,22,
IRN,Iran,Inflows of foreign population by nationality,Total,Estonia,2016,25,
IRN,Iran,Inflows of foreign population by nationality,Total,Estonia,2017,33,
IRN,Iran,Inflows of foreign population by nationality,Total,Estonia,2018,68,
IRN,Iran,Inflows of foreign population by nationality,Total,Estonia,2019,154,
IRN,Iran,Inflows of foreign population by nationality,Total,Israel,2000,420,
IRN,Iran,Inflows of foreign population by nationality,Total,Israel,2001,234,
IRN,Iran,Inflows of foreign population by nationality,Total,Israel,2002,182,
IRN,Iran,Inflows of foreign population by nationality,Total,Israel,2003,121,
IRN,Iran,Inflows of foreign population by nationality,Total,Israel,2004,143,
IRN,Iran,Inflows of foreign population by nationality,Total,Israel,2005,123,
IRN,Iran,Inflows of foreign population by nationality,Total,Israel,2006,74,
IRN,Iran,Inflows of foreign population by nationality,Total,Israel,2007,184,
IRN,Iran,Inflows of foreign population by nationality,Total,Israel,2008,48,
IRN,Iran,Inflows of foreign population by nationality,Total,Israel,2009,45,
IRN,Iran,Inflows of foreign population by nationality,Total,Israel,2010,39,
IRN,Iran,Inflows of foreign population by nationality,Total,Israel,2011,46,
IRN,Iran,Inflows of foreign population by nationality,Total,Israel,2012,37,
IRN,Iran,Inflows of foreign population by nationality,Total,Israel,2013,82,
IRN,Iran,Inflows of foreign population by nationality,Total,Israel,2014,27,
IRN,Iran,Inflows of foreign population by nationality,Total,Israel,2015,35,
IRN,Iran,Inflows of foreign population by nationality,Total,Israel,2016,34,
IRN,Iran,Inflows of foreign population by nationality,Total,Israel,2017,18,
IRN,Iran,Inflows of foreign population by nationality,Total,Israel,2018,76,
IRN,Iran,Inflows of foreign population by nationality,Total,Israel,2019,67,
IRN,Iran,Inflows of foreign population by nationality,Total,Slovenia,2007,5,
IRN,Iran,Inflows of foreign population by nationality,Total,Slovenia,2008,12,
IRN,Iran,Inflows of foreign population by nationality,Total,Slovenia,2009,4,
IRN,Iran,Inflows of foreign population by nationality,Total,Slovenia,2010,7,
IRN,Iran,Inflows of foreign population by nationality,Total,Slovenia,2011,8,
IRN,Iran,Inflows of foreign population by nationality,Total,Slovenia,2012,11,
IRN,Iran,Inflows of foreign population by nationality,Total,Slovenia,2013,9,
IRN,Iran,Inflows of foreign population by nationality,Total,Slovenia,2014,19,
IRN,Iran,Inflows of foreign population by nationality,Total,Slovenia,2015,28,
IRN,Iran,Inflows of foreign population by nationality,Total,Slovenia,2016,23,
IRN,Iran,Inflows of foreign population by nationality,Total,Slovenia,2017,21,
IRN,Iran,Inflows of foreign population by nationality,Total,Slovenia,2018,24,
IRN,Iran,Inflows of foreign population by nationality,Total,Slovenia,2019,67,
IRN,Iran,Inflows of foreign population by nationality,Total,Latvia,2014,1,
IRN,Iran,Inflows of foreign population by nationality,Total,Latvia,2017,2,
IRN,Iran,Inflows of foreign population by nationality,Total,Latvia,2018,10,
IRN,Iran,Inflows of foreign population by nationality,Total,Latvia,2019,6,
