Variable,Country,Year,Value,,,,,,,,,,,
inflow,Australia,2000,878,,,,,,,,,,,
inflow,Australia,2001,847,,,,,,,,,,,
inflow,Australia,2002,632,,,,,,,,,,,
inflow,Australia,2003,780,,,,,,,,,,,
inflow,Australia,2004,761,,,,,,,,,,,
inflow,Australia,2005,987,,,,,,,,,,,
inflow,Australia,2006,931,,,,,,,,,,,
inflow,Australia,2007,977,,,,,,,,,,,
inflow,Australia,2008,1153,,,,,,,,,,,
inflow,Australia,2009,2041,,,,,,,,,,,
inflow,Australia,2010,1832,,,,,,,,,,,
inflow,Australia,2011,2559,,,,,,,,,,,
inflow,Australia,2012,3024,,,,,,,,,,,
inflow,Australia,2013,3068,,,,,,,,,,,
inflow,Australia,2014,2693,,,,,,,,,,,
inflow,Australia,2015,3935,,,,,,,,,,,
inflow,Australia,2016,2785,,,,,,,,,,,
inflow,Australia,2017,2818,,,,,,,,,,,
inflow,Australia,2018,2560,,,,,,,,,,,
inflow,Australia,2019,2163,,,,,,,,,,,
outflow,Australia,2000,5,,,,,,,,,,,
outflow,Australia,2001,30,,,,,,,,,,,
outflow,Australia,2004,220,,,,,,,,,,, 
outflow,Australia,2005,208,,,,,,,,,,,
outflow,Australia,2006,269,,,,,,,,,,,
outflow,Australia,2007,248,,,,,,,,,,,
outflow,Australia,2008,264,,,,,,,,,,,
outflow,Australia,2009,254,,,,,,,,,,,
outflow,Australia,2010,248,,,,,,,,,,,
outflow,Australia,2011,264,,,,,,,,,,,
outflow,Australia,2012,277,,,,,,,,,,,
outflow,Australia,2013,310,,,,,,,,,,,
outflow,Australia,2014,397,,,,,,,,,,,
outflow,Australia,2015,500,,,,,,,,,,,
outflow,Australia,2016,500,,,,,,,,,,,
inflow,Austria,2000,2466,,,,,,,,,,,
inflow,Austria,2001,1060,,,,,,,,,,,
inflow,Austria,2002,1007,,,,,,,,,,,
inflow,Austria,2003,1152,,,,,,,,,,,
inflow,Austria,2004,1008,,,,,,,,,,,
inflow,Austria,2005,1033,,,,,,,,,,,
inflow,Austria,2006,2161,,,,,,,,,,,
inflow,Austria,2007,2004,,,,,,,,,,,
inflow,Austria,2008,1701,,,,,,,,,,,
inflow,Austria,2009,1872,,,,,,,,,,,
inflow,Austria,2010,1627,,,,,,,,,,,
inflow,Austria,2011,1349,,,,,,,,,,,
inflow,Austria,2012,2409,,,,,,,,,,,
inflow,Austria,2013,2595,,,,,,,,,,,
inflow,Austria,2014,2612,,,,,,,,,,,
inflow,Austria,2015,4673,,,,,,,,,,,
inflow,Austria,2016,4678,,,,,,,,,,,
inflow,Austria,2017,1806,,,,,,,,,,,
inflow,Austria,2018,1699,,,,,,,,,,,
inflow,Austria,2019,1400,,,,,,,,,,,
outflow,Austria,2000,2056,,,,,,,,,,,
outflow,Austria,2001,1350,,,,,,,,,,,
outflow,Austria,2002,810,,,,,,,,,,,
outflow,Austria,2003,943,,,,,,,,,,,
outflow,Austria,2004,881,,,,,,,,,,,
outflow,Austria,2005,902,,,,,,,,,,,
outflow,Austria,2006,1722,,,,,,,,,,,
outflow,Austria,2007,1506,,,,,,,,,,,
outflow,Austria,2008,1657,,,,,,,,,,,
outflow,Austria,2009,1649,,,,,,,,,,,
outflow,Austria,2010,1373,,,,,,,,,,,
outflow,Austria,2011,1108,,,,,,,,,,,
outflow,Austria,2012,1007,,,,,,,,,,,
outflow,Austria,2013,1679,,,,,,,,,,,
outflow,Austria,2014,1982,,,,,,,,,,,
outflow,Austria,2015,1399,,,,,,,,,,,
outflow,Austria,2016,2396,,,,,,,,,,,
outflow,Austria,2017,1726,,,,,,,,,,,
outflow,Austria,2018,995,,,,,,,,,,,
outflow,Austria,2019,867,,,,,,,,,,,
inflow,Belgium,2008,242,,,,,,,,,,,
inflow,Belgium,2009,277,,,,,,,,,,,
inflow,Belgium,2010,350,,,,,,,,,,,
inflow,Belgium,2011,374,,,,,,,,,,,
inflow,Belgium,2012,644,,,,,,,,,,,
inflow,Belgium,2013,460,,,,,,,,,,,
inflow,Belgium,2014,338,,,,,,,,,,,
inflow,Belgium,2015,644,,,,,,,,,,,
inflow,Belgium,2016,437,,,,,,,,,,,
inflow,Belgium,2017,447,,,,,,,,,,,
inflow,Belgium,2018,750,,,,,,,,,,,
inflow,Belgium,2019,1093,,,,,,,,,,,
outflow,Belgium,2010,119,,,,,,,,,,,
outflow,Belgium,2011,173,,,,,,,,,,,
outflow,Belgium,2012,238,,,,,,,,,,,
outflow,Belgium,2013,272,,,,,,,,,,,
outflow,Belgium,2014,283,,,,,,,,,,,
outflow,Belgium,2015,210,,,,,,,,,,,
outflow,Belgium,2016,123,,,,,,,,,,,
outflow,Belgium,2017,152,,,,,,,,,,,
outflow,Belgium,2018,116,,,,,,,,,,,
outflow,Belgium,2019,113,,,,,,,,,,,
inflow,Canada,2000,5617,,,,,,,,,,,
inflow,Canada,2001,5746,,,,,,,,,,,
inflow,Canada,2002,7889,,,,,,,,,,,
inflow,Canada,2003,5918,,,,,,,,,,,
inflow,Canada,2004,6348,,,,,,,,,,,
inflow,Canada,2005,5837,,,,,,,,,,,
inflow,Canada,2006,7480,,,,,,,,,,,
inflow,Canada,2007,6974,,,,,,,,,,,
inflow,Canada,2008,6474,,,,,,,,,,,
inflow,Canada,2009,6580,,,,,,,,,,,
inflow,Canada,2010,7477,,,,,,,,,,,
inflow,Canada,2011,7479,,,,,,,,,,,
inflow,Canada,2012,7525,,,,,,,,,,,
inflow,Canada,2013,11288,,,,,,,,,,,
inflow,Canada,2014,16772,,,,,,,,,,,
inflow,Canada,2015,11668,,,,,,,,,,,
inflow,Canada,2016,6485,,,,,,,,,,,
inflow,Canada,2017,4735,,,,,,,,,,,
inflow,Canada,2018,5510,,,,,,,,,,,
inflow,Canada,2019,6055,,,,,,,,,,,
inflow,Czech Republic,2003,25,,,,,,,,,,,
inflow,Czech Republic,2004,16,,,,,,,,,,,
inflow,Czech Republic,2005,26,,,,,,,,,,,
inflow,Czech Republic,2006,38,,,,,,,,,,,
inflow,Czech Republic,2007,68,,,,,,,,,,,
inflow,Czech Republic,2008,54,,,,,,,,,,,
inflow,Czech Republic,2009,64,,,,,,,,,,,
inflow,Czech Republic,2010,79,,,,,,,,,,,
inflow,Czech Republic,2011,27,,,,,,,,,,,
inflow,Czech Republic,2012,35,,,,,,,,,,,
inflow,Czech Republic,2013,58,,,,,,,,,,,
inflow,Czech Republic,2014,63,,,,,,,,,,,
inflow,Czech Republic,2015,66,,,,,,,,,,,
inflow,Czech Republic,2016,73,,,,,,,,,,,
inflow,Czech Republic,2017,127,,,,,,,,,,,
inflow,Czech Republic,2018,189,,,,,,,,,,,
inflow,Czech Republic,2019,241,,,,,,,,,,,
outflow,Czech Republic,2003,11,,,,,,,,,,,
outflow,Czech Republic,2004,14,,,,,,,,,,,
outflow,Czech Republic,2005,12,,,,,,,,,,,
outflow,Czech Republic,2006,24,,,,,,,,,,,
outflow,Czech Republic,2007,19,,,,,,,,,,,
outflow,Czech Republic,2012,11,,,,,,,,,,,
outflow,Czech Republic,2013,37,,,,,,,,,,,
outflow,Czech Republic,2014,20,,,,,,,,,,,
outflow,Czech Republic,2015,29,,,,,,,,,,,
outflow,Czech Republic,2016,29,,,,,,,,,,,
outflow,Czech Republic,2017,31,,,,,,,,,,,
outflow,Czech Republic,2018,50,,,,,,,,,,,
outflow,Czech Republic,2019,82,,,,,,,,,,,
inflow,Denmark,2000,401,,,,,,,,,,,
inflow,Denmark,2001,348,,,,,,,,,,,
inflow,Denmark,2002,463,,,,,,,,,,,
inflow,Denmark,2003,241,,,,,,,,,,,
inflow,Denmark,2004,193,,,,,,,,,,,
inflow,Denmark,2005,197,,,,,,,,,,,
inflow,Denmark,2006,281,,,,,,,,,,,
inflow,Denmark,2007,130,,,,,,,,,,,
inflow,Denmark,2008,210,,,,,,,,,,,
inflow,Denmark,2009,296,,,,,,,,,,,
inflow,Denmark,2010,461,,,,,,,,,,,
inflow,Denmark,2011,567,,,,,,,,,,,
inflow,Denmark,2012,592,,,,,,,,,,,
inflow,Denmark,2013,931,,,,,,,,,,,
inflow,Denmark,2014,939,,,,,,,,,,,
inflow,Denmark,2015,0,,,,,,,,,,,
inflow,Denmark,2016,819,,,,,,,,,,,
inflow,Denmark,2017,1273,,,,,,,,,,,
inflow,Denmark,2018,624,,,,,,,,,,,
inflow,Denmark,2019,543,,,,,,,,,,,
outflow,Denmark,2000,72,,,,,,,,,,,
outflow,Denmark,2001,72,,,,,,,,,,,
outflow,Denmark,2002,46,,,,,,,,,,,
outflow,Denmark,2003,67,,,,,,,,,,,
outflow,Denmark,2004,82,,,,,,,,,,,
outflow,Denmark,2005,52,,,,,,,,,,,
outflow,Denmark,2006,45,,,,,,,,,,,
outflow,Denmark,2007,66,,,,,,,,,,,
outflow,Denmark,2008,70,,,,,,,,,,,
outflow,Denmark,2009,48,,,,,,,,,,,
outflow,Denmark,2010,85,,,,,,,,,,,
outflow,Denmark,2011,108,,,,,,,,,,,
outflow,Denmark,2012,107,,,,,,,,,,,
outflow,Denmark,2013,134,,,,,,,,,,,
outflow,Denmark,2014,221,,,,,,,,,,,
outflow,Denmark,2015,304,,,,,,,,,,,
outflow,Denmark,2016,404,,,,,,,,,,,
outflow,Denmark,2017,381,,,,,,,,,,,
outflow,Denmark,2019,411,,,,,,,,,,,
inflow,Finland,2000,160,,,,,,,,,,,
inflow,Finland,2001,256,,,,,,,,,,,
inflow,Finland,2002,237,,,,,,,,,,,
inflow,Finland,2003,257,,,,,,,,,,,
inflow,Finland,2004,232,,,,,,,,,,,
inflow,Finland,2005,215,,,,,,,,,,,
inflow,Finland,2006,221,,,,,,,,,,,
inflow,Finland,2007,189,,,,,,,,,,,
inflow,Finland,2008,231,,,,,,,,,,,
inflow,Finland,2009,150,,,,,,,,,,,
inflow,Finland,2010,209,,,,,,,,,,,
inflow,Finland,2011,268,,,,,,,,,,,
inflow,Finland,2012,333,,,,,,,,,,,
inflow,Finland,2013,403,,,,,,,,,,,
inflow,Finland,2014,414,,,,,,,,,,,
inflow,Finland,2015,265,,,,,,,,,,,
inflow,Finland,2016,440,,,,,,,,,,,
inflow,Finland,2017,337,,,,,,,,,,,
inflow,Finland,2018,282,,,,,,,,,,,
inflow,Finland,2019,420,,,,,,,,,,,
outflow,Finland,2000,23,,,,,,,,,,,
outflow,Finland,2001,9,,,,,,,,,,,
outflow,Finland,2002,2,,,,,,,,,,,
outflow,Finland,2003,6,,,,,,,,,,,
outflow,Finland,2004,18,,,,,,,,,,,
outflow,Finland,2005,11,,,,,,,,,,,
outflow,Finland,2006,16,,,,,,,,,,,
outflow,Finland,2007,10,,,,,,,,,,,
outflow,Finland,2008,35,,,,,,,,,,,
outflow,Finland,2009,15,,,,,,,,,,,
outflow,Finland,2010,4,,,,,,,,,,,
outflow,Finland,2011,20,,,,,,,,,,,
outflow,Finland,2012,35,,,,,,,,,,,
outflow,Finland,2013,37,,,,,,,,,,,
outflow,Finland,2014,41,,,,,,,,,,,
outflow,Finland,2015,27,,,,,,,,,,,
outflow,Finland,2016,46,,,,,,,,,,,
outflow,Finland,2017,45,,,,,,,,,,,
outflow,Finland,2018,51,,,,,,,,,,,
outflow,Finland,2019,61000,,,,,,,,,,,
inflow,France,2000,488,,,,,,,,,,,
inflow,France,2001,502,,,,,,,,,,,
inflow,France,2002,510,,,,,,,,,,,
inflow,France,2003,503,,,,,,,,,,,
inflow,France,2004,479,,,,,,,,,,,
inflow,France,2005,379,,,,,,,,,,,
inflow,France,2006,529,,,,,,,,,,,
inflow,France,2007,461,,,,,,,,,,,
inflow,France,2008,405,,,,,,,,,,,
inflow,France,2009,478,,,,,,,,,,,
inflow,France,2010,599,,,,,,,,,,,
inflow,France,2011,542,,,,,,,,,,,
inflow,France,2012,567,,,,,,,,,,,
inflow,France,2013,576,,,,,,,,,,,
inflow,France,2014,404,,,,,,,,,,,
inflow,France,2015,441,,,,,,,,,,,
inflow,France,2016,566,,,,,,,,,,,
inflow,France,2017,792,,,,,,,,,,,
inflow,France,2018,1057,,,,,,,,,,,
inflow,France,2019,1019,,,,,,,,,,,
inflow,Germany,2000,7753,,,,,,,,,,,
inflow,Germany,2001,6740,,,,,,,,,,,
inflow,Germany,2002,6105,,,,,,,,,,,
inflow,Germany,2003,5017,,,,,,,,,,,
inflow,Germany,2004,4219,,,,,,,,,,,
inflow,Germany,2005,3377,,,,,,,,,,,
inflow,Germany,2006,2851,,,,,,,,,,,
inflow,Germany,2007,2632,,,,,,,,,,,
inflow,Germany,2008,3257,,,,,,,,,,,
inflow,Germany,2009,3951,,,,,,,,,,,
inflow,Germany,2010,5695,,,,,,,,,,,
inflow,Germany,2011,7175,,,,,,,,,,,
inflow,Germany,2012,8215,,,,,,,,,,,
inflow,Germany,2013,8250,,,,,,,,,,,
inflow,Germany,2014,7122,,,,,,,,,,,
inflow,Germany,2015,17187,,,,,,,,,,,
inflow,Germany,2016,23009,,,,,,,,,,,
inflow,Germany,2017,13676,,,,,,,,,,,
inflow,Germany,2018,19400,,,,,,,,,,,
inflow,Germany,2019,16183,,,,,,,,,,,
outflow,Germany,2000,4233,,,,,,,,,,,
outflow,Germany,2001,4624,,,,,,,,,,,
outflow,Germany,2002,3950,,,,,,,,,,,
outflow,Germany,2003,3703,,,,,,,,,,,
outflow,Germany,2004,3780,,,,,,,,,,,
outflow,Germany,2005,2939,,,,,,,,,,,
outflow,Germany,2006,2330,,,,,,,,,,,
outflow,Germany,2007,2007,,,,,,,,,,,
outflow,Germany,2008,3189,,,,,,,,,,,
outflow,Germany,2009,3510,,,,,,,,,,,
outflow,Germany,2010,2861,,,,,,,,,,,
outflow,Germany,2011,2370,,,,,,,,,,,
outflow,Germany,2012,2579,,,,,,,,,,,
outflow,Germany,2013,2759,,,,,,,,,,,
outflow,Germany,2014,2628,,,,,,,,,,,
outflow,Germany,2015,3115,,,,,,,,,,,
outflow,Germany,2016,7269,,,,,,,,,,,
outflow,Germany,2017,4857,,,,,,,,,,,
outflow,Germany,2018,5059,,,,,,,,,,,
outflow,Germany,2019,5145,,,,,,,,,,,
inflow,Hungary,2001,0,,,,,,,,,,,
inflow,Hungary,2002,0,,,,,,,,,,,
inflow,Hungary,2003,0,,,,,,,,,,,
inflow,Hungary,2004,0,,,,,,,,,,,
inflow,Hungary,2005,188,,,,,,,,,,,
inflow,Hungary,2006,433,,,,,,,,,,,
inflow,Hungary,2007,232,,,,,,,,,,,
inflow,Hungary,2008,476,,,,,,,,,,,
inflow,Hungary,2009,454,,,,,,,,,,,
inflow,Hungary,2010,403,,,,,,,,,,,
inflow,Hungary,2011,433,,,,,,,,,,,
inflow,Hungary,2012,351,,,,,,,,,,,
inflow,Hungary,2013,279,,,,,,,,,,,
inflow,Hungary,2014,349,,,,,,,,,,,
inflow,Hungary,2015,492,,,,,,,,,,,
inflow,Hungary,2016,623,,,,,,,,,,,
inflow,Hungary,2017,1009,,,,,,,,,,,
inflow,Hungary,2018,771,,,,,,,,,,,
inflow,Hungary,2019,467,,,,,,,,,,,
outflow,Hungary,2001,0,,,,,,,,,,,
outflow,Hungary,2002,0,,,,,,,,,,,
outflow,Hungary,2003,0,,,,,,,,,,,
outflow,Hungary,2004,0,,,,,,,,,,,
outflow,Hungary,2005,26,,,,,,,,,,,
outflow,Hungary,2006,48,,,,,,,,,,,
outflow,Hungary,2007,37,,,,,,,,,,,
outflow,Hungary,2008,59,,,,,,,,,,,
outflow,Hungary,2009,68,,,,,,,,,,,
outflow,Hungary,2010,134,,,,,,,,,,,
outflow,Hungary,2011,96,,,,,,,,,,,
outflow,Hungary,2012,74,,,,,,,,,,,
outflow,Hungary,2013,113,,,,,,,,,,,
outflow,Hungary,2014,145,,,,,,,,,,,
outflow,Hungary,2015,115,,,,,,,,,,,
outflow,Hungary,2016,121,,,,,,,,,,,
outflow,Hungary,2019,82,,,,,,,,,,,
inflow,Iceland,2000,1,,,,,,,,,,,
inflow,Iceland,2001,2,,,,,,,,,,,
inflow,Iceland,2002,1,,,,,,,,,,,
inflow,Iceland,2003,6,,,,,,,,,,,
inflow,Iceland,2004,2,,,,,,,,,,,
inflow,Iceland,2005,2,,,,,,,,,,,
inflow,Iceland,2006,7,,,,,,,,,,,
inflow,Iceland,2007,8,,,,,,,,,,,
inflow,Iceland,2008,5,,,,,,,,,,,
inflow,Iceland,2009,3,,,,,,,,,,,
inflow,Iceland,2010,6,,,,,,,,,,,
inflow,Iceland,2011,10,,,,,,,,,,,
inflow,Iceland,2012,11,,,,,,,,,,,
inflow,Iceland,2013,7,,,,,,,,,,,
inflow,Iceland,2014,10,,,,,,,,,,,
inflow,Iceland,2015,16,,,,,,,,,,,
inflow,Iceland,2016,33,,,,,,,,,,,
inflow,Iceland,2017,10,,,,,,,,,,,
inflow,Iceland,2018,39,,,,,,,,,,,
inflow,Iceland,2019,44,,,,,,,,,,,
outflow,Iceland,2000,1,,,,,,,,,,,
outflow,Iceland,2001,1,,,,,,,,,,,
outflow,Iceland,2002,0,,,,,,,,,,,
outflow,Iceland,2003,3,,,,,,,,,,,
outflow,Iceland,2004,2,,,,,,,,,,,
outflow,Iceland,2005,3,,,,,,,,,,,
outflow,Iceland,2006,2,,,,,,,,,,,
outflow,Iceland,2007,2,,,,,,,,,,,
outflow,Iceland,2008,6,,,,,,,,,,,
outflow,Iceland,2009,6,,,,,,,,,,,
outflow,Iceland,2010,0,,,,,,,,,,,
outflow,Iceland,2011,2,,,,,,,,,,,
outflow,Iceland,2012,1,,,,,,,,,,,
outflow,Iceland,2013,8,,,,,,,,,,,
outflow,Iceland,2014,7,,,,,,,,,,,
outflow,Iceland,2015,7,,,,,,,,,,,
outflow,Iceland,2016,7,,,,,,,,,,,
outflow,Iceland,2017,4,,,,,,,,,,,
outflow,Iceland,2018,4,,,,,,,,,,,
outflow,Iceland,2019,3,,,,,,,,,,,
inflow,Italy,2000,414,,,,,,,,,,,
inflow,Italy,2002,420,,,,,,,,,,,
inflow,Italy,2003,400,,,,,,,,,,,
inflow,Italy,2004,537,,,,,,,,,,,
inflow,Italy,2005,395,,,,,,,,,,,
inflow,Italy,2006,424,,,,,,,,,,,
inflow,Italy,2007,377,,,,,,,,,,,
inflow,Italy,2008,483,,,,,,,,,,,
inflow,Italy,2009,611,,,,,,,,,,,
inflow,Italy,2010,744,,,,,,,,,,,
inflow,Italy,2011,940,,,,,,,,,,,
inflow,Italy,2012,1378,,,,,,,,,,,
inflow,Italy,2013,1397,,,,,,,,,,,
inflow,Italy,2014,1205,,,,,,,,,,,
inflow,Italy,2015,1190,,,,,,,,,,,
inflow,Italy,2016,1045,,,,,,,,,,,
inflow,Italy,2017,1304,,,,,,,,,,,
inflow,Italy,2018,1353,,,,,,,,,,,
inflow,Italy,2019,1648,,,,,,,,,,,
outflow,Italy,2000,15,,,,,,,,,,,
outflow,Italy,2002,56,,,,,,,,,,,
outflow,Italy,2003,18,,,,,,,,,,,
outflow,Italy,2004,49,,,,,,,,,,,
outflow,Italy,2005,32,,,,,,,,,,,
outflow,Italy,2006,15,,,,,,,,,,,
outflow,Italy,2007,13,,,,,,,,,,,
outflow,Italy,2008,12,,,,,,,,,,,
outflow,Italy,2009,14,,,,,,,,,,,
outflow,Italy,2010,12,,,,,,,,,,,
outflow,Italy,2011,31,,,,,,,,,,,
outflow,Italy,2012,40,,,,,,,,,,,
outflow,Italy,2013,29,,,,,,,,,,,
outflow,Italy,2014,58,,,,,,,,,,,
outflow,Italy,2015,61,,,,,,,,,,,
outflow,Italy,2017,62,,,,,,,,,,,
outflow,Italy,2019,73,,,,,,,,,,,
inflow,Japan,2006,408,,,,,,,,,,,
inflow,Japan,2007,575,,,,,,,,,,,
inflow,Japan,2008,450,,,,,,,,,,,
inflow,Japan,2009,450,,,,,,,,,,,
inflow,Japan,2010,449,,,,,,,,,,,
inflow,Japan,2011,360,,,,,,,,,,,
inflow,Japan,2012,384,,,,,,,,,,,
inflow,Japan,2013,273,,,,,,,,,,,
inflow,Japan,2014,334,,,,,,,,,,,
inflow,Japan,2015,448,,,,,,,,,,,
inflow,Japan,2016,475,,,,,,,,,,,
inflow,Japan,2017,439,,,,,,,,,,,
inflow,Japan,2018,370,,,,,,,,,,,
inflow,Japan,2019,428,,,,,,,,,,,
outflow,Japan,2006,284,,,,,,,,,,,
outflow,Japan,2007,425,,,,,,,,,,,
outflow,Japan,2008,286,,,,,,,,,,,
outflow,Japan,2009,293,,,,,,,,,,,
outflow,Japan,2010,334,,,,,,,,,,,
outflow,Japan,2011,241,,,,,,,,,,,
outflow,Japan,2012,268,,,,,,,,,,,
outflow,Japan,2013,199,,,,,,,,,,,
outflow,Japan,2014,209,,,,,,,,,,,
outflow,Japan,2015,298,,,,,,,,,,,
outflow,Japan,2016,306,,,,,,,,,,,
outflow,Japan,2017,303,,,,,,,,,,,
outflow,Japan,2018,207,,,,,,,,,,,
outflow,Japan,2019,269,,,,,,,,,,,
inflow,Korea,2000,1746,,,,,,,,,,,
inflow,Korea,2001,998,,,,,,,,,,,
inflow,Korea,2002,384,,,,,,,,,,,
inflow,Korea,2003,359,,,,,,,,,,,
inflow,Korea,2004,394,,,,,,,,,,,
inflow,Korea,2005,293,,,,,,,,,,,
inflow,Korea,2006,253,,,,,,,,,,,
inflow,Korea,2007,203,,,,,,,,,,,
inflow,Korea,2008,242,,,,,,,,,,,
inflow,Korea,2009,152,,,,,,,,,,,
inflow,Korea,2010,217,,,,,,,,,,,
inflow,Korea,2011,229,,,,,,,,,,,
inflow,Korea,2012,211,,,,,,,,,,,
inflow,Korea,2013,250,,,,,,,,,,,
inflow,Korea,2014,243,,,,,,,,,,,
inflow,Korea,2015,253,,,,,,,,,,,
inflow,Korea,2016,293,,,,,,,,,,,
inflow,Korea,2017,410,,,,,,,,,,,
inflow,Korea,2018,351,,,,,,,,,,,
inflow,Korea,2019,273,,,,,,,,,,,
outflow,Korea,2000,347,,,,,,,,,,,
outflow,Korea,2001,580,,,,,,,,,,,
outflow,Korea,2002,590,,,,,,,,,,,
outflow,Korea,2003,733,,,,,,,,,,,
outflow,Korea,2004,723,,,,,,,,,,,
outflow,Korea,2005,1034,,,,,,,,,,,
outflow,Korea,2006,389,,,,,,,,,,,
outflow,Korea,2007,295,,,,,,,,,,,
outflow,Korea,2008,335,,,,,,,,,,,
outflow,Korea,2009,306,,,,,,,,,,,
outflow,Korea,2010,182,,,,,,,,,,,
outflow,Korea,2011,192,,,,,,,,,,,
outflow,Korea,2012,257,,,,,,,,,,,
outflow,Korea,2013,162,,,,,,,,,,,
outflow,Korea,2014,179,,,,,,,,,,,
outflow,Korea,2015,215,,,,,,,,,,,
outflow,Korea,2016,206,,,,,,,,,,,
outflow,Korea,2017,249,,,,,,,,,,,
outflow,Korea,2018,299,,,,,,,,,,,
outflow,Korea,2019,207,,,,,,,,,,,
inflow,Luxembourg,2000,20,,,,,,,,,,,
inflow,Luxembourg,2001,15,,,,,,,,,,,
inflow,Luxembourg,2002,15,,,,,,,,,,,
inflow,Luxembourg,2003,24,,,,,,,,,,,
inflow,Luxembourg,2004,26,,,,,,,,,,,
inflow,Luxembourg,2005,44,,,,,,,,,,,
inflow,Luxembourg,2006,32,,,,,,,,,,,
inflow,Luxembourg,2007,28,,,,,,,,,,,
inflow,Luxembourg,2008,30,,,,,,,,,,,
inflow,Luxembourg,2009,28,,,,,,,,,,,
inflow,Luxembourg,2010,50,,,,,,,,,,,
inflow,Luxembourg,2011,32,,,,,,,,,,,
inflow,Luxembourg,2012,48,,,,,,,,,,,
inflow,Luxembourg,2013,28,,,,,,,,,,,
inflow,Luxembourg,2014,22,,,,,,,,,,,
inflow,Luxembourg,2015,79,,,,,,,,,,,
inflow,Luxembourg,2016,55,,,,,,,,,,,
inflow,Luxembourg,2017,59,,,,,,,,,,,
inflow,Luxembourg,2018,75,,,,,,,,,,,
inflow,Luxembourg,2019,95,,,,,,,,,,,
outflow,Luxembourg,2000,9,,,,,,,,,,,
outflow,Luxembourg,2001,10,,,,,,,,,,,
outflow,Luxembourg,2002,20,,,,,,,,,,,
outflow,Luxembourg,2003,10,,,,,,,,,,,
outflow,Luxembourg,2004,15,,,,,,,,,,,
outflow,Luxembourg,2005,14,,,,,,,,,,,
outflow,Luxembourg,2006,19,,,,,,,,,,,
outflow,Luxembourg,2007,13,,,,,,,,,,,
outflow,Luxembourg,2008,8,,,,,,,,,,,
outflow,Luxembourg,2009,9,,,,,,,,,,,
outflow,Luxembourg,2010,8,,,,,,,,,,,
outflow,Luxembourg,2011,19,,,,,,,,,,,
outflow,Luxembourg,2012,15,,,,,,,,,,,
outflow,Luxembourg,2013,12,,,,,,,,,,,
outflow,Luxembourg,2014,15,,,,,,,,,,,
outflow,Luxembourg,2015,10,,,,,,,,,,,
outflow,Luxembourg,2016,19,,,,,,,,,,,
outflow,Luxembourg,2017,21,,,,,,,,,,,
outflow,Luxembourg,2018,14,,,,,,,,,,,
outflow,Luxembourg,2019,16,,,,,,,,,,,
inflow,Mexico,2007,15,,,,,,,,,,,
inflow,Mexico,2008,12,,,,,,,,,,,
inflow,Mexico,2009,10,,,,,,,,,,,
inflow,Mexico,2010,12,,,,,,,,,,,
inflow,Mexico,2011,28,,,,,,,,,,,
inflow,Mexico,2012,15,,,,,,,,,,,
inflow,Mexico,2013,26,,,,,,,,,,,
inflow,Mexico,2014,20,,,,,,,,,,,
inflow,Mexico,2015,30,,,,,,,,,,,
inflow,Mexico,2016,16,,,,,,,,,,,
inflow,Mexico,2017,23,,,,,,,,,,,
inflow,Mexico,2018,12,,,,,,,,,,,
inflow,Mexico,2019,11,,,,,,,,,,,
inflow,Netherlands,2000,392,,,,,,,,,,,
inflow,Netherlands,2001,466,,,,,,,,,,,
inflow,Netherlands,2002,381,,,,,,,,,,,
inflow,Netherlands,2003,427,,,,,,,,,,,
inflow,Netherlands,2004,323,,,,,,,,,,,
inflow,Netherlands,2005,307,,,,,,,,,,,
inflow,Netherlands,2006,363,,,,,,,,,,,
inflow,Netherlands,2007,419,,,,,,,,,,,
inflow,Netherlands,2008,584,,,,,,,,,,,
inflow,Netherlands,2009,636,,,,,,,,,,,
inflow,Netherlands,2010,689,,,,,,,,,,,
inflow,Netherlands,2011,883,,,,,,,,,,,
inflow,Netherlands,2012,624,,,,,,,,,,,
inflow,Netherlands,2013,695,,,,,,,,,,,
inflow,Netherlands,2014,853,,,,,,,,,,,
inflow,Netherlands,2015,910,,,,,,,,,,,
inflow,Netherlands,2016,1851,,,,,,,,,,,
inflow,Netherlands,2017,1481,,,,,,,,,,,
inflow,Netherlands,2018,1852,,,,,,,,,,,
inflow,Netherlands,2019,3215,,,,,,,,,,,
outflow,Netherlands,2000,36,,,,,,,,,,,
outflow,Netherlands,2001,82,,,,,,,,,,,
outflow,Netherlands,2002,99,,,,,,,,,,,
outflow,Netherlands,2003,177,,,,,,,,,,,
outflow,Netherlands,2004,137,,,,,,,,,,,
outflow,Netherlands,2005,181,,,,,,,,,,,
outflow,Netherlands,2006,143,,,,,,,,,,,
outflow,Netherlands,2007,138,,,,,,,,,,,
outflow,Netherlands,2008,159,,,,,,,,,,,
outflow,Netherlands,2009,216,,,,,,,,,,,
outflow,Netherlands,2010,312,,,,,,,,,,,
outflow,Netherlands,2011,290,,,,,,,,,,,
outflow,Netherlands,2012,237,,,,,,,,,,,
outflow,Netherlands,2013,324,,,,,,,,,,,
outflow,Netherlands,2014,260,,,,,,,,,,,
outflow,Netherlands,2015,308,,,,,,,,,,,
outflow,Netherlands,2016,343,,,,,,,,,,,
outflow,Netherlands,2017,417,,,,,,,,,,,
outflow,Netherlands,2018,462,,,,,,,,,,,
outflow,Netherlands,2019,433,,,,,,,,,,,
inflow,New Zealand,2000,258,,,,,,,,,,,
inflow,New Zealand,2001,264,,,,,,,,,,,
inflow,New Zealand,2002,230,,,,,,,,,,,
inflow,New Zealand,2003,255,,,,,,,,,,,
inflow,New Zealand,2004,167,,,,,,,,,,,
inflow,New Zealand,2005,259,,,,,,,,,,,
inflow,New Zealand,2006,178,,,,,,,,,,,
inflow,New Zealand,2007,153,,,,,,,,,,,
inflow,New Zealand,2008,191,,,,,,,,,,,
inflow,New Zealand,2009,206,,,,,,,,,,,
inflow,New Zealand,2010,266,,,,,,,,,,,
inflow,New Zealand,2011,261,,,,,,,,,,,
inflow,New Zealand,2012,271,,,,,,,,,,,
inflow,New Zealand,2013,309,,,,,,,,,,,
inflow,New Zealand,2014,389,,,,,,,,,,,
inflow,New Zealand,2015,321,,,,,,,,,,,
inflow,New Zealand,2016,318,,,,,,,,,,,
inflow,New Zealand,2017,347,,,,,,,,,,,
inflow,New Zealand,2018,340,,,,,,,,,,,
inflow,New Zealand,2019,294,,,,,,,,,,,
outflow,New Zealand,2000,15,,,,,,,,,,,
outflow,New Zealand,2001,49,,,,,,,,,,,
outflow,New Zealand,2002,34,,,,,,,,,,,
outflow,New Zealand,2003,49,,,,,,,,,,,
outflow,New Zealand,2004,69,,,,,,,,,,,
outflow,New Zealand,2005,44,,,,,,,,,,,
outflow,New Zealand,2006,56,,,,,,,,,,,
outflow,New Zealand,2007,45,,,,,,,,,,,
outflow,New Zealand,2008,51,,,,,,,,,,,
outflow,New Zealand,2009,48,,,,,,,,,,,
outflow,New Zealand,2010,57,,,,,,,,,,,
outflow,New Zealand,2011,38,,,,,,,,,,,
outflow,New Zealand,2012,83,,,,,,,,,,,
outflow,New Zealand,2013,77,,,,,,,,,,,
outflow,New Zealand,2014,77,,,,,,,,,,,
outflow,New Zealand,2015,70,,,,,,,,,,,
outflow,New Zealand,2016,82,,,,,,,,,,,
outflow,New Zealand,2017,57,,,,,,,,,,,
outflow,New Zealand,2018,78,,,,,,,,,,,
outflow,New Zealand,2019,75,,,,,,,,,,,
inflow,Norway,2000,582,,,,,,,,,,,
inflow,Norway,2001,848,,,,,,,,,,,
inflow,Norway,2002,756,,,,,,,,,,,
inflow,Norway,2003,698,,,,,,,,,,,
inflow,Norway,2004,475,,,,,,,,,,,
inflow,Norway,2005,338,,,,,,,,,,,
inflow,Norway,2006,279,,,,,,,,,,,
inflow,Norway,2007,412,,,,,,,,,,,
inflow,Norway,2008,422,,,,,,,,,,,
inflow,Norway,2009,522,,,,,,,,,,,
inflow,Norway,2010,548,,,,,,,,,,,
inflow,Norway,2011,812,,,,,,,,,,,
inflow,Norway,2012,755,,,,,,,,,,,
inflow,Norway,2013,753,,,,,,,,,,,
inflow,Norway,2014,441,,,,,,,,,,,
inflow,Norway,2015,399,,,,,,,,,,,
inflow,Norway,2016,722,,,,,,,,,,,
inflow,Norway,2017,726,,,,,,,,,,,
inflow,Norway,2018,452,,,,,,,,,,,
inflow,Norway,2019,501,,,,,,,,,,,
outflow,Norway,2000,63,,,,,,,,,,,
outflow,Norway,2001,89,,,,,,,,,,,
outflow,Norway,2002,67,,,,,,,,,,,
outflow,Norway,2003,104,,,,,,,,,,,
outflow,Norway,2004,124,,,,,,,,,,,
outflow,Norway,2005,144,,,,,,,,,,,
outflow,Norway,2006,126,,,,,,,,,,,
outflow,Norway,2007,79,,,,,,,,,,,
outflow,Norway,2008,88,,,,,,,,,,,
outflow,Norway,2009,69,,,,,,,,,,,
outflow,Norway,2010,96,,,,,,,,,,,
outflow,Norway,2011,118,,,,,,,,,,,
outflow,Norway,2012,127,,,,,,,,,,,
outflow,Norway,2013,111,,,,,,,,,,,
outflow,Norway,2014,155,,,,,,,,,,,
outflow,Norway,2015,143,,,,,,,,,,,
outflow,Norway,2016,124,,,,,,,,,,,
outflow,Norway,2017,94,,,,,,,,,,,
outflow,Norway,2018,69,,,,,,,,,,,
outflow,Norway,2019,61,,,,,,,,,,,
inflow,Poland,2005,40,,,,,,,,,,,
inflow,Poland,2006,49,,,,,,,,,,,
inflow,Poland,2007,64,,,,,,,,,,,
inflow,Poland,2008,68,,,,,,,,,,,
inflow,Poland,2009,73,,,,,,,,,,,
inflow,Poland,2010,111,,,,,,,,,,,
inflow,Poland,2011,126,,,,,,,,,,,
inflow,Poland,2012,132,,,,,,,,,,,
inflow,Poland,2013,174,,,,,,,,,,,
inflow,Poland,2014,89,,,,,,,,,,,
inflow,Poland,2015,181,,,,,,,,,,,
inflow,Poland,2016,197,,,,,,,,,,,
inflow,Poland,2017,233,,,,,,,,,,,
inflow,Poland,2018,243,,,,,,,,,,,
inflow,Poland,2019,289,,,,,,,,,,,
inflow,Slovak Republic,2003,12,,,,,,,,,,,
inflow,Slovak Republic,2004,19,,,,,,,,,,,
inflow,Slovak Republic,2005,12,,,,,,,,,,,
inflow,Slovak Republic,2006,7,,,,,,,,,,,
inflow,Slovak Republic,2007,1,,,,,,,,,,,
inflow,Slovak Republic,2008,2,,,,,,,,,,,
inflow,Slovak Republic,2009,3,,,,,,,,,,,
inflow,Slovak Republic,2010,7,,,,,,,,,,,
inflow,Slovak Republic,2011,1,,,,,,,,,,,
inflow,Slovak Republic,2012,4,,,,,,,,,,,
inflow,Slovak Republic,2013,3,,,,,,,,,,,
inflow,Slovak Republic,2014,3,,,,,,,,,,,
inflow,Slovak Republic,2015,7,,,,,,,,,,,
inflow,Slovak Republic,2016,4,,,,,,,,,,,
inflow,Slovak Republic,2017,3,,,,,,,,,,,
inflow,Slovak Republic,2018,5,,,,,,,,,,,
inflow,Slovak Republic,2019,11,,,,,,,,,,,
outflow,Slovak Republic,2003,12,,,,,,,,,,,
outflow,Slovak Republic,2004,9,,,,,,,,,,,
outflow,Slovak Republic,2005,1,,,,,,,,,,,
outflow,Slovak Republic,2006,3,,,,,,,,,,,
outflow,Slovak Republic,2007,1,,,,,,,,,,,
outflow,Slovak Republic,2008,5,,,,,,,,,,,
outflow,Slovak Republic,2009,4,,,,,,,,,,,
outflow,Slovak Republic,2010,15,,,,,,,,,,,
outflow,Slovak Republic,2011,10,,,,,,,,,,,
inflow,Spain,2000,236,,,,,,,,,,,
inflow,Spain,2001,223,,,,,,,,,,,
inflow,Spain,2002,177,,,,,,,,,,,
inflow,Spain,2003,212,,,,,,,,,,,
inflow,Spain,2004,313,,,,,,,,,,,
inflow,Spain,2005,266,,,,,,,,,,,
inflow,Spain,2006,304,,,,,,,,,,,
inflow,Spain,2007,297,,,,,,,,,,,
inflow,Spain,2008,280,,,,,,,,,,,
inflow,Spain,2009,291,,,,,,,,,,,
inflow,Spain,2010,363,,,,,,,,,,,
inflow,Spain,2011,490,,,,,,,,,,,
inflow,Spain,2012,616,,,,,,,,,,,
inflow,Spain,2013,456,,,,,,,,,,,
inflow,Spain,2014,485,,,,,,,,,,,
inflow,Spain,2015,549,,,,,,,,,,,
inflow,Spain,2016,737,,,,,,,,,,,
inflow,Spain,2017,1478,,,,,,,,,,,
inflow,Spain,2018,0,,,,,,,,,,,
inflow,Spain,2019,0,,,,,,,,,,,
outflow,Spain,2002,4,,,,,,,,,,,
outflow,Spain,2003,5,,,,,,,,,,,
outflow,Spain,2004,22,,,,,,,,,,,
outflow,Spain,2005,11,,,,,,,,,,,
outflow,Spain,2006,79,,,,,,,,,,,
outflow,Spain,2007,248,,,,,,,,,,,
outflow,Spain,2008,159,,,,,,,,,,,
outflow,Spain,2009,151,,,,,,,,,,,
outflow,Spain,2010,178,,,,,,,,,,,
outflow,Spain,2011,233,,,,,,,,,,,
outflow,Spain,2012,199,,,,,,,,,,,
outflow,Spain,2013,358,,,,,,,,,,,
outflow,Spain,2014,282,,,,,,,,,,,
outflow,Spain,2015,190,,,,,,,,,,,
outflow,Spain,2016,250,,,,,,,,,,,
outflow,Spain,2017,352,,,,,,,,,,,
outflow,Spain,2019,0,,,,,,,,,,,
inflow,Sweden,2000,1106,,,,,,,,,,,
inflow,Sweden,2001,1301,,,,,,,,,,,
inflow,Sweden,2002,1365,,,,,,,,,,,
inflow,Sweden,2003,1016,,,,,,,,,,,
inflow,Sweden,2004,1477,,,,,,,,,,,
inflow,Sweden,2005,1063,,,,,,,,,,,
inflow,Sweden,2006,2008,,,,,,,,,,,
inflow,Sweden,2007,1427,,,,,,,,,,,
inflow,Sweden,2008,1766,,,,,,,,,,,
inflow,Sweden,2009,2416,,,,,,,,,,,
inflow,Sweden,2010,2820,,,,,,,,,,,
inflow,Sweden,2011,2168,,,,,,,,,,,
inflow,Sweden,2012,2111,,,,,,,,,,,
inflow,Sweden,2013,1988,,,,,,,,,,,
inflow,Sweden,2014,1744,,,,,,,,,,,
inflow,Sweden,2015,1334,,,,,,,,,,,
inflow,Sweden,2016,1702,,,,,,,,,,,
inflow,Sweden,2017,2348,,,,,,,,,,,
inflow,Sweden,2018,2504,,,,,,,,,,,
inflow,Sweden,2019,2300,,,,,,,,,,,
outflow,Sweden,2000,176,,,,,,,,,,,
outflow,Sweden,2001,174,,,,,,,,,,,
outflow,Sweden,2002,217,,,,,,,,,,,
outflow,Sweden,2003,213,,,,,,,,,,,
outflow,Sweden,2004,231,,,,,,,,,,,
outflow,Sweden,2005,198,,,,,,,,,,,
outflow,Sweden,2006,294,,,,,,,,,,,
outflow,Sweden,2007,331,,,,,,,,,,,
outflow,Sweden,2008,287,,,,,,,,,,,
outflow,Sweden,2009,131,,,,,,,,,,,
outflow,Sweden,2010,256,,,,,,,,,,,
outflow,Sweden,2011,375,,,,,,,,,,,
outflow,Sweden,2012,515,,,,,,,,,,,
outflow,Sweden,2013,447,,,,,,,,,,,
outflow,Sweden,2014,657,,,,,,,,,,,
outflow,Sweden,2015,827,,,,,,,,,,,
outflow,Sweden,2016,279,,,,,,,,,,,
outflow,Sweden,2017,271,,,,,,,,,,,
outflow,Sweden,2018,212,,,,,,,,,,,
outflow,Sweden,2019,245,,,,,,,,,,,
inflow,Switzerland,2010,522,,,,,,,,,,,
inflow,Switzerland,2011,524,,,,,,,,,,,
inflow,Switzerland,2012,467,,,,,,,,,,,
inflow,Switzerland,2013,437,,,,,,,,,,,
inflow,Switzerland,2014,386,,,,,,,,,,,
inflow,Switzerland,2015,440,,,,,,,,,,,
inflow,Switzerland,2016,439,,,,,,,,,,,
inflow,Switzerland,2017,485,,,,,,,,,,,
inflow,Switzerland,2018,606,,,,,,,,,,,
inflow,Switzerland,2019,545,,,,,,,,,,,
outflow,Switzerland,2010,140,,,,,,,,,,,
outflow,Switzerland,2011,161,,,,,,,,,,,
outflow,Switzerland,2012,125,,,,,,,,,,,
outflow,Switzerland,2013,157,,,,,,,,,,,
outflow,Switzerland,2014,155,,,,,,,,,,,
outflow,Switzerland,2015,164,,,,,,,,,,,
outflow,Switzerland,2016,172,,,,,,,,,,,
outflow,Switzerland,2017,178,,,,,,,,,,,
outflow,Switzerland,2018,179,,,,,,,,,,,
outflow,Switzerland,2019,193,,,,,,,,,,,
inflow,Turkey,2010,1539,,,,,,,,,,,
inflow,Turkey,2016,15539,,,,,,,,,,,
inflow,Turkey,2017,17794,,,,,,,,,,,
inflow,Turkey,2018,31922,,,,,,,,,,,
inflow,Turkey,2019,42351,,,,,,,,,,,
inflow,United Kingdom,2000,906,,,,,,,,,,,
inflow,United Kingdom,2001,1141,,,,,,,,,,,
inflow,United Kingdom,2009,4000,,,,,,,,,,,
inflow,United Kingdom,2011,2000,,,,,,,,,,,
inflow,United Kingdom,2012,1000,,,,,,,,,,,
inflow,United Kingdom,2014,1000,,,,,,,,,,,
outflow,United Kingdom,2000,493,,,,,,,,,,,
outflow,United Kingdom,2001,130,,,,,,,,,,,
outflow,United Kingdom,2011,1000,,,,,,,,,,,
outflow,United Kingdom,2015,1000,,,,,,,,,,,
inflow,United States,2000,8487,,,,,,,,,,,
inflow,United States,2001,10425,,,,,,,,,,,
inflow,United States,2002,12960,,,,,,,,,,,
inflow,United States,2003,7230,,,,,,,,,,,
inflow,United States,2004,10434,,,,,,,,,,,
inflow,United States,2005,13887,,,,,,,,,,,
inflow,United States,2006,13947,,,,,,,,,,,
inflow,United States,2007,10460,,,,,,,,,,,
inflow,United States,2008,13852,,,,,,,,,,,
inflow,United States,2009,18553,,,,,,,,,,,
inflow,United States,2010,14182,,,,,,,,,,,
inflow,United States,2011,14822,,,,,,,,,,,
inflow,United States,2012,12916,,,,,,,,,,,
inflow,United States,2013,12863,,,,,,,,,,,
inflow,United States,2014,11615,,,,,,,,,,,
inflow,United States,2015,13114,,,,,,,,,,,
inflow,United States,2016,13298,,,,,,,,,,,
inflow,United States,2017,13791,,,,,,,,,,,
inflow,United States,2018,10116,,,,,,,,,,,
inflow,United States,2019,5789,,,,,,,,,,,
inflow,Chile,2000,8,,,,,,,,,,,
inflow,Chile,2001,5,,,,,,,,,,,
inflow,Chile,2002,9,,,,,,,,,,,
inflow,Chile,2003,1,,,,,,,,,,,
inflow,Chile,2004,3,,,,,,,,,,,
inflow,Chile,2005,10,,,,,,,,,,,
inflow,Chile,2006,7,,,,,,,,,,,
inflow,Chile,2007,7,,,,,,,,,,,
inflow,Chile,2008,6,,,,,,,,,,,
inflow,Chile,2009,5,,,,,,,,,,,
inflow,Chile,2010,2,,,,,,,,,,,
inflow,Chile,2011,6,,,,,,,,,,,
inflow,Chile,2012,7,,,,,,,,,,,
inflow,Chile,2013,20,,,,,,,,,,,
inflow,Chile,2014,21,,,,,,,,,,,
inflow,Chile,2015,29,,,,,,,,,,,
inflow,Chile,2016,20,,,,,,,,,,,
inflow,Estonia,2004,0,,,,,,,,,,,
inflow,Estonia,2005,0,,,,,,,,,,,
inflow,Estonia,2006,0,,,,,,,,,,,
inflow,Estonia,2007,0,,,,,,,,,,,
inflow,Estonia,2008,3,,,,,,,,,,,
inflow,Estonia,2009,2,,,,,,,,,,,
inflow,Estonia,2010,2,,,,,,,,,,,
inflow,Estonia,2011,5,,,,,,,,,,,
inflow,Estonia,2012,5,,,,,,,,,,,
inflow,Estonia,2013,10,,,,,,,,,,,
inflow,Estonia,2014,5,,,,,,,,,,,
inflow,Estonia,2015,22,,,,,,,,,,,
inflow,Estonia,2016,25,,,,,,,,,,,
inflow,Estonia,2017,33,,,,,,,,,,,
inflow,Estonia,2018,68,,,,,,,,,,,
inflow,Estonia,2019,154,,,,,,,,,,,
outflow,Estonia,2019,16,,,,,,,,,,,
inflow,Israel,2000,420,,,,,,,,,,,
inflow,Israel,2001,234,,,,,,,,,,,
inflow,Israel,2002,182,,,,,,,,,,,
inflow,Israel,2003,121,,,,,,,,,,,
inflow,Israel,2004,143,,,,,,,,,,,
inflow,Israel,2005,123,,,,,,,,,,,
inflow,Israel,2006,74,,,,,,,,,,,
inflow,Israel,2007,184,,,,,,,,,,,
inflow,Israel,2008,48,,,,,,,,,,,
inflow,Israel,2009,45,,,,,,,,,,,
inflow,Israel,2010,39,,,,,,,,,,,
inflow,Israel,2011,46,,,,,,,,,,,
inflow,Israel,2012,37,,,,,,,,,,,
inflow,Israel,2013,82,,,,,,,,,,,
inflow,Israel,2014,27,,,,,,,,,,,
inflow,Israel,2015,35,,,,,,,,,,,
inflow,Israel,2016,34,,,,,,,,,,,
inflow,Israel,2017,18,,,,,,,,,,,
inflow,Israel,2018,76,,,,,,,,,,,
inflow,Israel,2019,67,,,,,,,,,,,
inflow,Slovenia,2007,5,,,,,,,,,,,
inflow,Slovenia,2008,12,,,,,,,,,,,
inflow,Slovenia,2009,4,,,,,,,,,,,
inflow,Slovenia,2010,7,,,,,,,,,,,
inflow,Slovenia,2011,8,,,,,,,,,,,
inflow,Slovenia,2012,11,,,,,,,,,,,
inflow,Slovenia,2013,9,,,,,,,,,,,
inflow,Slovenia,2014,19,,,,,,,,,,,
inflow,Slovenia,2015,28,,,,,,,,,,,
inflow,Slovenia,2016,23,,,,,,,,,,,
inflow,Slovenia,2017,21,,,,,,,,,,,
inflow,Slovenia,2018,24,,,,,,,,,,,
inflow,Slovenia,2019,67,,,,,,,,,,,
outflow,Slovenia,2012,1,,,,,,,,,,,
outflow,Slovenia,2014,2,,,,,,,,,,,
outflow,Slovenia,2015,3,,,,,,,,,,,
outflow,Slovenia,2019,14,,,,,,,,,,,
inflow,Latvia,2014,1,,,,,,,,,,,
inflow,Latvia,2017,2,,,,,,,,,,,
inflow,Latvia,2018,10,,,,,,,,,,,
inflow,Latvia,2019,6,,,,,,,,,,,
outflow,Turkey,2016,5695,,,,,,,,,,,
outflow,Turkey,2017,5065,,,,,,,,,,,
outflow,Turkey,2018,9242,,,,,,,,,,,
outflow,Turkey,2019,18004,,,,,,,,,,,
