CO2,Country of birth/nationality,Variable,Gender,Country,Value,Year,,,,,,,,,,,,,
,,,,,0,,,,,,,,,,,,,,
,,,,,0,,,,,,,,,,,,,,
,,,,,#REF!,,,,,,,,,,,,,,
,,,,,0,,,,,,,,,,,,,,
IRN,Iran,Inflows of foreign population by nationality,Total,Turkey,42351,2019,,,,,,,,,,,,,
IRN,Iran,Inflows of foreign population by nationality,Total,Turkey,31922,2018,,,,,,,,,,,,,
IRN,Iran,Inflows of foreign population by nationality,Total,Germany,23009,2016,,,,,,,,,,,,,
IRN,Iran,Inflows of foreign population by nationality,Total,Germany,19400,2018,,,,,,,,,,,,,
IRN,Iran,Inflows of foreign population by nationality,Total,United States,18553,2009,,,,,,,,,,,,,
IRN,Iran,Inflows of foreign population by nationality,Total,Turkey,17794,2017,,,,,,,,,,,,,
IRN,Iran,Inflows of foreign population by nationality,Total,Germany,17187,2015,,,,,,,,,,,,,
IRN,Iran,Inflows of foreign population by nationality,Total,Canada,16772,2014,,,,,,,,,,,,,
IRN,Iran,Inflows of foreign population by nationality,Total,Germany,16183,2019,,,,,,,,,,,,,
IRN,Iran,Inflows of foreign population by nationality,Total,Turkey,15539,2016,,,,,,,,,,,,,
IRN,Iran,Inflows of foreign population by nationality,Total,United States,14822,2011,,,,,,,,,,,,,
IRN,Iran,Inflows of foreign population by nationality,Total,United States,14182,2010,,,,,,,,,,,,,
IRN,Iran,Inflows of foreign population by nationality,Total,United States,13947,2006,,,,,,,,,,,,,
IRN,Iran,Inflows of foreign population by nationality,Total,United States,13887,2005,,,,,,,,,,,,,
IRN,Iran,Inflows of foreign population by nationality,Total,United States,13852,2008,,,,,,,,,,,,,
IRN,Iran,Inflows of foreign population by nationality,Total,United States,13791,2017,,,,,,,,,,,,,
IRN,Iran,Inflows of foreign population by nationality,Total,Germany,13676,2017,,,,,,,,,,,,,
IRN,Iran,Inflows of foreign population by nationality,Total,United States,13298,2016,,,,,,,,,,,,,
IRN,Iran,Inflows of foreign population by nationality,Total,United States,13114,2015,,,,,,,,,,,,,
IRN,Iran,Inflows of foreign population by nationality,Total,United States,12960,2002,,,,,,,,,,,,,
IRN,Iran,Inflows of foreign population by nationality,Total,United States,12916,2012,,,,,,,,,,,,,
IRN,Iran,Inflows of foreign population by nationality,Total,United States,12863,2013,,,,,,,,,,,,,
IRN,Iran,Inflows of foreign population by nationality,Total,Canada,11668,2015,,,,,,,,,,,,,
IRN,Iran,Inflows of foreign population by nationality,Total,United States,11615,2014,,,,,,,,,,,,,
IRN,Iran,Inflows of foreign population by nationality,Total,Canada,11288,2013,,,,,,,,,,,,,
IRN,Iran,Inflows of foreign population by nationality,Total,United States,10460,2007,,,,,,,,,,,,,
IRN,Iran,Inflows of foreign population by nationality,Total,United States,10434,2004,,,,,,,,,,,,,
IRN,Iran,Inflows of foreign population by nationality,Total,United States,10425,2001,,,,,,,,,,,,,
IRN,Iran,Inflows of foreign population by nationality,Total,United States,10116,2018,,,,,,,,,,,,,
IRN,Iran,Inflows of foreign population by nationality,Total,United States,8487,2000,,,,,,,,,,,,,
IRN,Iran,Inflows of foreign population by nationality,Total,Germany,8250,2013,,,,,,,,,,,,,
IRN,Iran,Inflows of foreign population by nationality,Total,Germany,8215,2012,,,,,,,,,,,,,
IRN,Iran,Inflows of foreign population by nationality,Total,Canada,7889,2002,,,,,,,,,,,,,
IRN,Iran,Inflows of foreign population by nationality,Total,Germany,7753,2000,,,,,,,,,,,,,
IRN,Iran,Inflows of foreign population by nationality,Total,Canada,7525,2012,,,,,,,,,,,,,
IRN,Iran,Inflows of foreign population by nationality,Total,Canada,7480,2006,,,,,,,,,,,,,
IRN,Iran,Inflows of foreign population by nationality,Total,Canada,7479,2011,,,,,,,,,,,,,
IRN,Iran,Inflows of foreign population by nationality,Total,Canada,7477,2010,,,,,,,,,,,,,
IRN,Iran,Inflows of foreign population by nationality,Total,United States,7230,2003,,,,,,,,,,,,,
IRN,Iran,Inflows of foreign population by nationality,Total,Germany,7175,2011,,,,,,,,,,,,,
IRN,Iran,Inflows of foreign population by nationality,Total,Germany,7122,2014,,,,,,,,,,,,,
IRN,Iran,Inflows of foreign population by nationality,Total,Canada,6974,2007,,,,,,,,,,,,,
IRN,Iran,Inflows of foreign population by nationality,Total,Germany,6740,2001,,,,,,,,,,,,,
IRN,Iran,Inflows of foreign population by nationality,Total,Canada,6580,2009,,,,,,,,,,,,,
IRN,Iran,Inflows of foreign population by nationality,Total,Canada,6485,2016,,,,,,,,,,,,,
IRN,Iran,Inflows of foreign population by nationality,Total,Canada,6474,2008,,,,,,,,,,,,,
IRN,Iran,Inflows of foreign population by nationality,Total,Canada,6348,2004,,,,,,,,,,,,,
IRN,Iran,Inflows of foreign population by nationality,Total,Germany,6105,2002,,,,,,,,,,,,,
IRN,Iran,Inflows of foreign population by nationality,Total,Canada,6055,2019,,,,,,,,,,,,,
IRN,Iran,Inflows of foreign population by nationality,Total,Canada,5918,2003,,0,,,,,,,,,,,
IRN,Iran,Inflows of foreign population by nationality,Total,Canada,5837,2005,,,,,,,,,,,,,
IRN,Iran,Inflows of foreign population by nationality,Total,United States,5789,2019,,,,,,,,,,,,,
IRN,Iran,Inflows of foreign population by nationality,Total,Canada,5746,2001,,,,,,,,,,,,,
IRN,Iran,Inflows of foreign population by nationality,Total,Germany,5695,2010,,,,,,,,,,,,,
IRN,Iran,Inflows of foreign population by nationality,Total,Canada,5617,2000,,,,,,,,,,,,,
IRN,Iran,Inflows of foreign population by nationality,Total,Canada,5510,2018,,,,,,,,,,,,,
IRN,Iran,Inflows of foreign population by nationality,Total,Germany,5017,2003,,,,,,,,,,,,,
IRN,Iran,Inflows of foreign population by nationality,Total,Canada,4735,2017,,,,,,,,,,,,,
IRN,Iran,Inflows of foreign population by nationality,Total,Austria,4678,2016,,,,,,,,,,,,,
IRN,Iran,Inflows of foreign population by nationality,Total,Austria,4673,2015,,,,,,,,,,,,,
IRN,Iran,Inflows of foreign population by nationality,Total,Germany,4219,2004,,,,,,,,,,,,,
IRN,Iran,Inflows of foreign population by nationality,Total,United Kingdom,4000,2009,,,,,,,,,,,,,
IRN,Iran,Inflows of foreign population by nationality,Total,Germany,3951,2009,,,,,,,,,,,,,
IRN,Iran,Inflows of foreign population by nationality,Total,Australia,3935,2015,,,,,,,,,,,,,
IRN,Iran,Inflows of foreign population by nationality,Total,Germany,3377,2005,,,,,,,,,,,,,
IRN,Iran,Inflows of foreign population by nationality,Total,Germany,3257,2008,,,,,,,,,,,,,
IRN,Iran,Inflows of foreign population by nationality,Total,Netherlands,3215,2019,,,,,,,,,,,,,
IRN,Iran,Inflows of foreign population by nationality,Total,Australia,3068,2013,,,,,,,,,,,,,
IRN,Iran,Inflows of foreign population by nationality,Total,Australia,3024,2012,,,,,,,,,,,,,
IRN,Iran,Inflows of foreign population by nationality,Total,Germany,2851,2006,,,,,,,,,,,,,
IRN,Iran,Inflows of foreign population by nationality,Total,Sweden,2820,2010,,,,,,,,,,,,,
IRN,Iran,Inflows of foreign population by nationality,Total,Australia,2818,2017,,,,,,,,,,,,,
IRN,Iran,Inflows of foreign population by nationality,Total,Australia,2785,2016,,,,,,,,,,,,,
IRN,Iran,Inflows of foreign population by nationality,Total,Australia,2693,2014,,,,,,,,,,,,,
IRN,Iran,Inflows of foreign population by nationality,Total,Germany,2632,2007,,,,,,,,,,,,,
IRN,Iran,Inflows of foreign population by nationality,Total,Austria,2612,2014,,,,,,,,,,,,,
IRN,Iran,Inflows of foreign population by nationality,Total,Austria,2595,2013,,,,,,,,,,,,,
IRN,Iran,Inflows of foreign population by nationality,Total,Australia,2560,2018,,,,,,,,,,,,,
IRN,Iran,Inflows of foreign population by nationality,Total,Australia,2559,2011,,,,,,,,,,,,,
IRN,Iran,Inflows of foreign population by nationality,Total,Sweden,2504,2018,,,,,,,,,,,,,
IRN,Iran,Inflows of foreign population by nationality,Total,Austria,2466,2000,,,,,,,,,,,,,
IRN,Iran,Inflows of foreign population by nationality,Total,Sweden,2416,2009,,,,,,,,,,,,,
IRN,Iran,Inflows of foreign population by nationality,Total,Austria,2409,2012,,,,,,,,,,,,,
IRN,Iran,Inflows of foreign population by nationality,Total,Sweden,2348,2017,,,,,,,,,,,,,
IRN,Iran,Inflows of foreign population by nationality,Total,Sweden,2300,2019,,,,,,,,,,,,,
IRN,Iran,Inflows of foreign population by nationality,Total,Sweden,2168,2011,,,,,,,,,,,,,
IRN,Iran,Inflows of foreign population by nationality,Total,Australia,2163,2019,,,,,,,,,,,,,
IRN,Iran,Inflows of foreign population by nationality,Total,Austria,2161,2006,,,,,,,,,,,,,
IRN,Iran,Inflows of foreign population by nationality,Total,Sweden,2111,2012,,,,,,,,,,,,,
IRN,Iran,Inflows of foreign population by nationality,Total,Australia,2041,2009,,,,,,,,,,,,,
IRN,Iran,Inflows of foreign population by nationality,Total,Sweden,2008,2006,,,,,,,,,,,,,
IRN,Iran,Inflows of foreign population by nationality,Total,Austria,2004,2007,,,,,,,,,,,,,
IRN,Iran,Inflows of foreign population by nationality,Total,United Kingdom,2000,2011,,,,,,,,,,,,,
IRN,Iran,Inflows of foreign population by nationality,Total,Sweden,1988,2013,,,,,,,,,,,,,
IRN,Iran,Inflows of foreign population by nationality,Total,Austria,1872,2009,,,,,,,,,,,,,
IRN,Iran,Inflows of foreign population by nationality,Total,Netherlands,1852,2018,,,,,,,,,,,,,
IRN,Iran,Inflows of foreign population by nationality,Total,Netherlands,1851,2016,,,,,,,,,,,,,
IRN,Iran,Inflows of foreign population by nationality,Total,Australia,1832,2010,,,,,,,,,,,,,
IRN,Iran,Inflows of foreign population by nationality,Total,Austria,1806,2017,,,,,,,,,,,,,
IRN,Iran,Inflows of foreign population by nationality,Total,Sweden,1766,2008,,,,,,,,,,,,,
IRN,Iran,Inflows of foreign population by nationality,Total,Korea,1746,2000,,,,,,,,,,,,,
IRN,Iran,Inflows of foreign population by nationality,Total,Sweden,1744,2014,,,,,,,,,,,,,
IRN,Iran,Inflows of foreign population by nationality,Total,Sweden,1702,2016,,,,,,,,,,,,,
IRN,Iran,Inflows of foreign population by nationality,Total,Austria,1701,2008,,,,,,,,,,,,,
IRN,Iran,Inflows of foreign population by nationality,Total,Austria,1699,2018,,,,,,,,,,,,,
IRN,Iran,Inflows of foreign population by nationality,Total,Italy,1648,2019,,,,,,,,,,,,,
IRN,Iran,Inflows of foreign population by nationality,Total,Austria,1627,2010,,,,,,,,,,,,,
IRN,Iran,Inflows of foreign population by nationality,Total,Turkey,1539,2010,,,,,,,,,,,,,
IRN,Iran,Inflows of foreign population by nationality,Total,Netherlands,1481,2017,,,,,,,,,,,,,
IRN,Iran,Inflows of foreign population by nationality,Total,Spain,1478,2017,,,,,,,,,,,,,
IRN,Iran,Inflows of foreign population by nationality,Total,Sweden,1477,2004,,,,,,,,,,,,,
IRN,Iran,Inflows of foreign population by nationality,Total,Sweden,1427,2007,,,,,,,,,,,,,
IRN,Iran,Inflows of foreign population by nationality,Total,Austria,1400,2019,,,,,,,,,,,,,
IRN,Iran,Inflows of foreign population by nationality,Total,Italy,1397,2013,,,,,,,,,,,,,
IRN,Iran,Inflows of foreign population by nationality,Total,Italy,1378,2012,,,,,,,,,,,,,
IRN,Iran,Inflows of foreign population by nationality,Total,Sweden,1365,2002,,,,,,,,,,,,,
IRN,Iran,Inflows of foreign population by nationality,Total,Italy,1353,2018,,,,,,,,,,,,,
IRN,Iran,Inflows of foreign population by nationality,Total,Austria,1349,2011,,,,,,,,,,,,,
IRN,Iran,Inflows of foreign population by nationality,Total,Sweden,1334,2015,,,,,,,,,,,,,
IRN,Iran,Inflows of foreign population by nationality,Total,Italy,1304,2017,,,,,,,,,,,,,
IRN,Iran,Inflows of foreign population by nationality,Total,Sweden,1301,2001,,,,,,,,,,,,,
IRN,Iran,Inflows of foreign population by nationality,Total,Denmark,1273,2017,,,,,,,,,,,,,
IRN,Iran,Inflows of foreign population by nationality,Total,Italy,1205,2014,,,,,,,,,,,,,
IRN,Iran,Inflows of foreign population by nationality,Total,Italy,1190,2015,,,,,,,,,,,,,
IRN,Iran,Inflows of foreign population by nationality,Total,Australia,1153,2008,,,,,,,,,,,,,
IRN,Iran,Inflows of foreign population by nationality,Total,Austria,1152,2003,,,,,,,,,,,,,
IRN,Iran,Inflows of foreign population by nationality,Total,United Kingdom,1141,2001,,,,,,,,,,,,,
IRN,Iran,Inflows of foreign population by nationality,Total,Sweden,1106,2000,,,,,,,,,,,,,
IRN,Iran,Inflows of foreign population by nationality,Total,Belgium,1093,2019,,,,,,,,,,,,,
IRN,Iran,Inflows of foreign population by nationality,Total,Sweden,1063,2005,,,,,,,,,,,,,
IRN,Iran,Inflows of foreign population by nationality,Total,Austria,1060,2001,,,,,,,,,,,,,
IRN,Iran,Inflows of foreign population by nationality,Total,France,1057,2018,,,,,,,,,,,,,
IRN,Iran,Inflows of foreign population by nationality,Total,Italy,1045,2016,,,,,,,,,,,,,
IRN,Iran,Inflows of foreign population by nationality,Total,Austria,1033,2005,,,,,,,,,,,,,
IRN,Iran,Inflows of foreign population by nationality,Total,France,1019,2019,,,,,,,,,,,,,
IRN,Iran,Inflows of foreign population by nationality,Total,Sweden,1016,2003,,,,,,,,,,,,,
IRN,Iran,Inflows of foreign population by nationality,Total,Hungary,1009,2017,,,,,,,,,,,,,
IRN,Iran,Inflows of foreign population by nationality,Total,Austria,1008,2004,,,,,,,,,,,,,
IRN,Iran,Inflows of foreign population by nationality,Total,Austria,1007,2002,,,,,,,,,,,,,
IRN,Iran,Inflows of foreign population by nationality,Total,United Kingdom,1000,2012,,,,,,,,,,,,,
IRN,Iran,Inflows of foreign population by nationality,Total,United Kingdom,1000,2014,,,,,,,,,,,,,
IRN,Iran,Inflows of foreign population by nationality,Total,Korea,998,2001,,,,,,,,,,,,,
IRN,Iran,Inflows of foreign population by nationality,Total,Australia,987,2005,,,,,,,,,,,,,
IRN,Iran,Inflows of foreign population by nationality,Total,Australia,977,2007,,,,,,,,,,,,,
IRN,Iran,Inflows of foreign population by nationality,Total,Italy,940,2011,,,,,,,,,,,,,
IRN,Iran,Inflows of foreign population by nationality,Total,Denmark,939,2014,,,,,,,,,,,,,
IRN,Iran,Inflows of foreign population by nationality,Total,Australia,931,2006,,,,,,,,,,,,,
IRN,Iran,Inflows of foreign population by nationality,Total,Denmark,931,2013,,,,,,,,,,,,,
IRN,Iran,Inflows of foreign population by nationality,Total,Netherlands,910,2015,,,,,,,,,,,,,
IRN,Iran,Inflows of foreign population by nationality,Total,United Kingdom,906,2000,,,,,,,,United States,Germany,Canada,Austria,Korea,Sweden
IRN,Iran,Inflows of foreign population by nationality,Total,Netherlands,883,2011,,,,,,,,8487,7753,5617,2466,1746,1106
IRN,Iran,Inflows of foreign population by nationality,Total,Australia,878,2000,,,,,,,,,,,,,
IRN,Iran,Inflows of foreign population by nationality,Total,Netherlands,853,2014,,,,,,,,,,,,,
IRN,Iran,Inflows of foreign population by nationality,Total,Norway,848,2001,,,,,,,,,,,,,
IRN,Iran,Inflows of foreign population by nationality,Total,Australia,847,2001,,,,,,,,,,,,,
IRN,Iran,Inflows of foreign population by nationality,Total,Denmark,819,2016,,,,,,,,,,,,,
IRN,Iran,Inflows of foreign population by nationality,Total,Norway,812,2011,,,,,,,,,,,,,
IRN,Iran,Inflows of foreign population by nationality,Total,France,792,2017,,,,,,,,,,,,,
IRN,Iran,Inflows of foreign population by nationality,Total,Australia,780,2003,,,,,,,,,,,,,
IRN,Iran,Inflows of foreign population by nationality,Total,Hungary,771,2018,,,,,,,,,,,,,
IRN,Iran,Inflows of foreign population by nationality,Total,Australia,761,2004,,,,,,,,,,,,,
IRN,Iran,Inflows of foreign population by nationality,Total,Norway,756,2002,,,,,,,,,,,,,
IRN,Iran,Inflows of foreign population by nationality,Total,Norway,755,2012,,,,,,,,,,,,,
IRN,Iran,Inflows of foreign population by nationality,Total,Norway,753,2013,,,,,,,,,,,,,
IRN,Iran,Inflows of foreign population by nationality,Total,Belgium,750,2018,,,,,,,,,,,,,
IRN,Iran,Inflows of foreign population by nationality,Total,Italy,744,2010,,,,,,,,,,,,,
IRN,Iran,Inflows of foreign population by nationality,Total,Spain,737,2016,,,,,,,,,,,,,
IRN,Iran,Inflows of foreign population by nationality,Total,Norway,726,2017,,,,,,,,,,,,,
IRN,Iran,Inflows of foreign population by nationality,Total,Norway,722,2016,,,,,,,,,,,,,
IRN,Iran,Inflows of foreign population by nationality,Total,Norway,698,2003,,,,,,,,,,,,,
IRN,Iran,Inflows of foreign population by nationality,Total,Netherlands,695,2013,,,,,,,,,,,,,
IRN,Iran,Inflows of foreign population by nationality,Total,Netherlands,689,2010,,,,,,,,,,,,,
IRN,Iran,Inflows of foreign population by nationality,Total,Belgium,644,2012,,,,,,,,,,,,,
IRN,Iran,Inflows of foreign population by nationality,Total,Belgium,644,2015,,,,,,,,,,,,,
IRN,Iran,Inflows of foreign population by nationality,Total,Netherlands,636,2009,,,,,,,,,,,,,
IRN,Iran,Inflows of foreign population by nationality,Total,Australia,632,2002,,,,,,,,,,,,,
IRN,Iran,Inflows of foreign population by nationality,Total,Denmark,624,2018,,,,,,,,,,,,,
IRN,Iran,Inflows of foreign population by nationality,Total,Netherlands,624,2012,,,,,,,,,,,,,
IRN,Iran,Inflows of foreign population by nationality,Total,Hungary,623,2016,,,,,,,,,,,,,
IRN,Iran,Inflows of foreign population by nationality,Total,Spain,616,2012,,,,,,,,,,,,,
IRN,Iran,Inflows of foreign population by nationality,Total,Italy,611,2009,,,,,,,,,,,,,
IRN,Iran,Inflows of foreign population by nationality,Total,Switzerland,606,2018,,,,,,,,,,,,,
IRN,Iran,Inflows of foreign population by nationality,Total,France,599,2010,,,,,,,,,,,,,
IRN,Iran,Inflows of foreign population by nationality,Total,Denmark,592,2012,,,,,,,,,,,,,
IRN,Iran,Inflows of foreign population by nationality,Total,Netherlands,584,2008,,,,,,,,,,,,,
IRN,Iran,Inflows of foreign population by nationality,Total,Norway,582,2000,,,,,,,,,,,,,
IRN,Iran,Inflows of foreign population by nationality,Total,France,576,2013,,,,,,,,,,,,,
IRN,Iran,Inflows of foreign population by nationality,Total,Japan,575,2007,,,,,,,,,,,,,
IRN,Iran,Inflows of foreign population by nationality,Total,Denmark,567,2011,,,,,,,,,,,,,
IRN,Iran,Inflows of foreign population by nationality,Total,France,567,2012,,,,,,,,,,,,,
IRN,Iran,Inflows of foreign population by nationality,Total,France,566,2016,,,,,,,,,,,,,
IRN,Iran,Inflows of foreign population by nationality,Total,Spain,549,2015,,,,,,,,,,,,,
IRN,Iran,Inflows of foreign population by nationality,Total,Norway,548,2010,,,,,,,,,,,,,
IRN,Iran,Inflows of foreign population by nationality,Total,Switzerland,545,2019,,,,,,,,,,,,,
IRN,Iran,Inflows of foreign population by nationality,Total,Denmark,543,2019,,,,,,,,,,,,,
IRN,Iran,Inflows of foreign population by nationality,Total,France,542,2011,,,,,,,,,,,,,
IRN,Iran,Inflows of foreign population by nationality,Total,Italy,537,2004,,,,,,,,,,,,,
IRN,Iran,Inflows of foreign population by nationality,Total,France,529,2006,,,,,,,,,,,,,
IRN,Iran,Inflows of foreign population by nationality,Total,Switzerland,524,2011,,,,,,,,,,,,,
IRN,Iran,Inflows of foreign population by nationality,Total,Norway,522,2009,,,,,,,,,,,,,
IRN,Iran,Inflows of foreign population by nationality,Total,Switzerland,522,2010,,,,,,,,,,,,,
IRN,Iran,Inflows of foreign population by nationality,Total,France,510,2002,,,,,,,,,,,,,
IRN,Iran,Inflows of foreign population by nationality,Total,France,503,2003,,,,,,,,,,,,,
IRN,Iran,Inflows of foreign population by nationality,Total,France,502,2001,,,,,,,,,,,,,
IRN,Iran,Inflows of foreign population by nationality,Total,Norway,501,2019,,,,,,,,,,,,,
IRN,Iran,Inflows of foreign population by nationality,Total,Hungary,492,2015,,,,,,,,,,,,,
IRN,Iran,Inflows of foreign population by nationality,Total,Spain,490,2011,,,,,,,,,,,,,
IRN,Iran,Inflows of foreign population by nationality,Total,France,488,2000,,,,,,,,,,,,,
IRN,Iran,Inflows of foreign population by nationality,Total,Spain,485,2014,,,,,,,,,,,,,
IRN,Iran,Inflows of foreign population by nationality,Total,Switzerland,485,2017,,,,,,,,,,,,,
IRN,Iran,Inflows of foreign population by nationality,Total,Italy,483,2008,,,,,,,,,,,,,
IRN,Iran,Inflows of foreign population by nationality,Total,France,479,2004,,,,,,,,,,,,,
IRN,Iran,Inflows of foreign population by nationality,Total,France,478,2009,,,,,,,,,,,,,
IRN,Iran,Inflows of foreign population by nationality,Total,Hungary,476,2008,,,,,,,,,,,,,
IRN,Iran,Inflows of foreign population by nationality,Total,Japan,475,2016,,,,,,,,,,,,,
IRN,Iran,Inflows of foreign population by nationality,Total,Norway,475,2004,,,,,,,,,,,,,
IRN,Iran,Inflows of foreign population by nationality,Total,Hungary,467,2019,,,,,,,,,,,,,
IRN,Iran,Inflows of foreign population by nationality,Total,Switzerland,467,2012,,,,,,,,,,,,,
IRN,Iran,Inflows of foreign population by nationality,Total,Netherlands,466,2001,,,,,,,,,,,,,
IRN,Iran,Inflows of foreign population by nationality,Total,Denmark,463,2002,,,,,,,,,,,,,
IRN,Iran,Inflows of foreign population by nationality,Total,Denmark,461,2010,,,,,,,,,,,,,
IRN,Iran,Inflows of foreign population by nationality,Total,France,461,2007,,,,,,,,,,,,,
IRN,Iran,Inflows of foreign population by nationality,Total,Belgium,460,2013,,,,,,,,,,,,,
IRN,Iran,Inflows of foreign population by nationality,Total,Spain,456,2013,,,,,,,,,,,,,
IRN,Iran,Inflows of foreign population by nationality,Total,Hungary,454,2009,,,,,,,,,,,,,
IRN,Iran,Inflows of foreign population by nationality,Total,Norway,452,2018,,,,,,,,,,,,,
IRN,Iran,Inflows of foreign population by nationality,Total,Japan,450,2008,,,,,,,,,,,,,
IRN,Iran,Inflows of foreign population by nationality,Total,Japan,450,2009,,,,,,,,,,,,,
IRN,Iran,Inflows of foreign population by nationality,Total,Japan,449,2010,,,,,,,,,,,,,
IRN,Iran,Inflows of foreign population by nationality,Total,Japan,448,2015,,,,,,,,,,,,,
IRN,Iran,Inflows of foreign population by nationality,Total,Belgium,447,2017,,,,,,,,,,,,,
IRN,Iran,Inflows of foreign population by nationality,Total,France,441,2015,,,,,,,,,,,,,
IRN,Iran,Inflows of foreign population by nationality,Total,Norway,441,2014,,,,,,,,,,,,,
IRN,Iran,Inflows of foreign population by nationality,Total,Finland,440,2016,,,,,,,,,,,,,
IRN,Iran,Inflows of foreign population by nationality,Total,Switzerland,440,2015,,,,,,,,,,,,,
IRN,Iran,Inflows of foreign population by nationality,Total,Japan,439,2017,,,,,,,,,,,,,
IRN,Iran,Inflows of foreign population by nationality,Total,Switzerland,439,2016,,,,,,,,,,,,,
IRN,Iran,Inflows of foreign population by nationality,Total,Belgium,437,2016,,,,,,,,,,,,,
IRN,Iran,Inflows of foreign population by nationality,Total,Switzerland,437,2013,,,,,,,,,,,,,
IRN,Iran,Inflows of foreign population by nationality,Total,Hungary,433,2006,,,,,,,,,,,,,
IRN,Iran,Inflows of foreign population by nationality,Total,Hungary,433,2011,,,,,,,,,,,,,
IRN,Iran,Inflows of foreign population by nationality,Total,Japan,428,2019,,,,,,,,,,,,,
IRN,Iran,Inflows of foreign population by nationality,Total,Netherlands,427,2003,,,,,,,,,,,,,
IRN,Iran,Inflows of foreign population by nationality,Total,Italy,424,2006,,,,,,,,,,,,,
IRN,Iran,Inflows of foreign population by nationality,Total,Norway,422,2008,,,,,,,,,,,,,
IRN,Iran,Inflows of foreign population by nationality,Total,Finland,420,2019,,,,,,,,,,,,,
IRN,Iran,Inflows of foreign population by nationality,Total,Italy,420,2002,,,,,,,,,,,,,
IRN,Iran,Inflows of foreign population by nationality,Total,Israel,420,2000,,,,,,,,,,,,,
IRN,Iran,Inflows of foreign population by nationality,Total,Netherlands,419,2007,,,,,,,,,,,,,
IRN,Iran,Inflows of foreign population by nationality,Total,Finland,414,2014,,,,,,,,,,,,,
IRN,Iran,Inflows of foreign population by nationality,Total,Italy,414,2000,,,,,,,,,,,,,
IRN,Iran,Inflows of foreign population by nationality,Total,Norway,412,2007,,,,,,,,,,,,,
IRN,Iran,Inflows of foreign population by nationality,Total,Korea,410,2017,,,,,,,,,,,,,
IRN,Iran,Inflows of foreign population by nationality,Total,Japan,408,2006,,,,,,,,,,,,,
IRN,Iran,Inflows of foreign population by nationality,Total,France,405,2008,,,,,,,,,,,,,
IRN,Iran,Inflows of foreign population by nationality,Total,France,404,2014,,,,,,,,,,,,,
IRN,Iran,Inflows of foreign population by nationality,Total,Finland,403,2013,,,,,,,,,,,,,
IRN,Iran,Inflows of foreign population by nationality,Total,Hungary,403,2010,,,,,,,,,,,,,
IRN,Iran,Inflows of foreign population by nationality,Total,Denmark,401,2000,,,,,,,,,,,,,
IRN,Iran,Inflows of foreign population by nationality,Total,Italy,400,2003,,,,,,,,,,,,,
IRN,Iran,Inflows of foreign population by nationality,Total,Norway,399,2015,,,,,,,,,,,,,
IRN,Iran,Inflows of foreign population by nationality,Total,Italy,395,2005,,,,,,,,,,,,,
IRN,Iran,Inflows of foreign population by nationality,Total,Korea,394,2004,,,,,,,,,,,,,
IRN,Iran,Inflows of foreign population by nationality,Total,Netherlands,392,2000,,,,,,,,,,,,,
IRN,Iran,Inflows of foreign population by nationality,Total,New Zealand,389,2014,,,,,,,,,,,,,
IRN,Iran,Inflows of foreign population by nationality,Total,Switzerland,386,2014,,,,,,,,,,,,,
IRN,Iran,Inflows of foreign population by nationality,Total,Japan,384,2012,,,,,,,,,,,,,
IRN,Iran,Inflows of foreign population by nationality,Total,Korea,384,2002,,,,,,,,,,,,,
IRN,Iran,Inflows of foreign population by nationality,Total,Netherlands,381,2002,,,,,,,,,,,,,
IRN,Iran,Inflows of foreign population by nationality,Total,France,379,2005,,,,,,,,,,,,,
IRN,Iran,Inflows of foreign population by nationality,Total,Italy,377,2007,,,,,,,,,,,,,
IRN,Iran,Inflows of foreign population by nationality,Total,Belgium,374,2011,,,,,,,,,,,,,
IRN,Iran,Inflows of foreign population by nationality,Total,Japan,370,2018,,,,,,,,,,,,,
IRN,Iran,Inflows of foreign population by nationality,Total,Netherlands,363,2006,,,,,,,,,,,,,
IRN,Iran,Inflows of foreign population by nationality,Total,Spain,363,2010,,,,,,,,,,,,,
IRN,Iran,Inflows of foreign population by nationality,Total,Japan,360,2011,,,,,,,,,,,,,
IRN,Iran,Inflows of foreign population by nationality,Total,Korea,359,2003,,,,,,,,,,,,,
IRN,Iran,Inflows of foreign population by nationality,Total,Hungary,351,2012,,,,,,,,,,,,,
IRN,Iran,Inflows of foreign population by nationality,Total,Korea,351,2018,,,,,,,,,,,,,
IRN,Iran,Inflows of foreign population by nationality,Total,Belgium,350,2010,,,,,,,,,,,,,
IRN,Iran,Inflows of foreign population by nationality,Total,Hungary,349,2014,,,,,,,,,,,,,
IRN,Iran,Inflows of foreign population by nationality,Total,Denmark,348,2001,,,,,,,,,,,,,
IRN,Iran,Inflows of foreign population by nationality,Total,New Zealand,347,2017,,,,,,,,,,,,,
IRN,Iran,Inflows of foreign population by nationality,Total,New Zealand,340,2018,,,,,,,,,,,,,
IRN,Iran,Inflows of foreign population by nationality,Total,Belgium,338,2014,,,,,,,,,,,,,
IRN,Iran,Inflows of foreign population by nationality,Total,Norway,338,2005,,,,,,,,,,,,,
IRN,Iran,Inflows of foreign population by nationality,Total,Finland,337,2017,,,,,,,,,,,,,
IRN,Iran,Inflows of foreign population by nationality,Total,Japan,334,2014,,,,,,,,,,,,,
IRN,Iran,Inflows of foreign population by nationality,Total,Finland,333,2012,,,,,,,,,,,,,
IRN,Iran,Inflows of foreign population by nationality,Total,Netherlands,323,2004,,,,,,,,,,,,,
IRN,Iran,Inflows of foreign population by nationality,Total,New Zealand,321,2015,,,,,,,,,,,,,
IRN,Iran,Inflows of foreign population by nationality,Total,New Zealand,318,2016,,,,,,,,,,,,,
IRN,Iran,Inflows of foreign population by nationality,Total,Spain,313,2004,,,,,,,,,,,,,
IRN,Iran,Inflows of foreign population by nationality,Total,New Zealand,309,2013,,,,,,,,,,,,,
IRN,Iran,Inflows of foreign population by nationality,Total,Netherlands,307,2005,,,,,,,,,,,,,
IRN,Iran,Inflows of foreign population by nationality,Total,Spain,304,2006,,,,,,,,,,,,,
IRN,Iran,Inflows of foreign population by nationality,Total,Spain,297,2007,,,,,,,,,,,,,
IRN,Iran,Inflows of foreign population by nationality,Total,Denmark,296,2009,,,,,,,,,,,,,
IRN,Iran,Inflows of foreign population by nationality,Total,New Zealand,294,2019,,,,,,,,,,,,,
IRN,Iran,Inflows of foreign population by nationality,Total,Korea,293,2005,,,,,,,,,,,,,
IRN,Iran,Inflows of foreign population by nationality,Total,Korea,293,2016,,,,,,,,,,,,,
IRN,Iran,Inflows of foreign population by nationality,Total,Spain,291,2009,,,,,,,,,,,,,
IRN,Iran,Inflows of foreign population by nationality,Total,Poland,289,2019,,,,,,,,,,,,,
IRN,Iran,Inflows of foreign population by nationality,Total,Finland,282,2018,,,,,,,,,,,,,
IRN,Iran,Inflows of foreign population by nationality,Total,Denmark,281,2006,,,,,,,,,,,,,
IRN,Iran,Inflows of foreign population by nationality,Total,Spain,280,2008,,,,,,,,,,,,,
IRN,Iran,Inflows of foreign population by nationality,Total,Hungary,279,2013,,,,,,,,,,,,,
IRN,Iran,Inflows of foreign population by nationality,Total,Norway,279,2006,,,,,,,,,,,,,
IRN,Iran,Inflows of foreign population by nationality,Total,Belgium,277,2009,,,,,,,,,,,,,
IRN,Iran,Inflows of foreign population by nationality,Total,Japan,273,2013,,,,,,,,,,,,,
IRN,Iran,Inflows of foreign population by nationality,Total,Korea,273,2019,,,,,,,,,,,,,
IRN,Iran,Inflows of foreign population by nationality,Total,New Zealand,271,2012,,,,,,,,,,,,,
IRN,Iran,Inflows of foreign population by nationality,Total,Finland,268,2011,,,,,,,,,,,,,
IRN,Iran,Inflows of foreign population by nationality,Total,New Zealand,266,2010,,,,,,,,,,,,,
IRN,Iran,Inflows of foreign population by nationality,Total,Spain,266,2005,,,,,,,,,,,,,
IRN,Iran,Inflows of foreign population by nationality,Total,Finland,265,2015,,,,,,,,,,,,,
IRN,Iran,Inflows of foreign population by nationality,Total,New Zealand,264,2001,,,,,,,,,,,,,
IRN,Iran,Inflows of foreign population by nationality,Total,New Zealand,261,2011,,,,,,,,,,,,,
IRN,Iran,Inflows of foreign population by nationality,Total,New Zealand,259,2005,,,,,,,,,,,,,
IRN,Iran,Inflows of foreign population by nationality,Total,New Zealand,258,2000,,,,,,,,United States,Germany,Canada,Austria,Korea,Sweden
IRN,Iran,Inflows of foreign population by nationality,Total,Finland,257,2003,,,,,,,,8487,7753,5617,2466,1746,1106
IRN,Iran,Inflows of foreign population by nationality,Total,Finland,256,2001,,,,,,,,,,,,,
IRN,Iran,Inflows of foreign population by nationality,Total,New Zealand,255,2003,,,,,,,,,,,,,
IRN,Iran,Inflows of foreign population by nationality,Total,Korea,253,2006,,,,,,,,,,,,,
IRN,Iran,Inflows of foreign population by nationality,Total,Korea,253,2015,,,,,,,,,,,,,
IRN,Iran,Inflows of foreign population by nationality,Total,Korea,250,2013,,,,,,,,,,,,,
IRN,Iran,Inflows of foreign population by nationality,Total,Korea,243,2014,,,,,,,,,,,,,
IRN,Iran,Inflows of foreign population by nationality,Total,Poland,243,2018,,,,,,,,,,,,,
IRN,Iran,Inflows of foreign population by nationality,Total,Belgium,242,2008,,,,,,,,,,,,,
IRN,Iran,Inflows of foreign population by nationality,Total,Korea,242,2008,,,,,,,,,,,,,
IRN,Iran,Inflows of foreign population by nationality,Total,Czech Republic,241,2019,,,,,,,,,,,,,
IRN,Iran,Inflows of foreign population by nationality,Total,Denmark,241,2003,,,,,,,,,,,,,
IRN,Iran,Inflows of foreign population by nationality,Total,Finland,237,2002,,,,,,,,,,,,,
IRN,Iran,Inflows of foreign population by nationality,Total,Spain,236,2000,,,,,,,,8487,7753,5617,2466,1746,1106
IRN,Iran,Inflows of foreign population by nationality,Total,Israel,234,2001,,,,,,,,,,,,,
IRN,Iran,Inflows of foreign population by nationality,Total,Poland,233,2017,,,,,,,,,,,,,
IRN,Iran,Inflows of foreign population by nationality,Total,Finland,232,2004,,,,,,,,,,,,,
IRN,Iran,Inflows of foreign population by nationality,Total,Hungary,232,2007,,,,,,,,,,,,,
IRN,Iran,Inflows of foreign population by nationality,Total,Finland,231,2008,,,,,,,,,,,,,
IRN,Iran,Inflows of foreign population by nationality,Total,New Zealand,230,2002,,,,,,,,,,,,,
IRN,Iran,Inflows of foreign population by nationality,Total,Korea,229,2011,,,,,,,,,,,,,
IRN,Iran,Inflows of foreign population by nationality,Total,Spain,223,2001,,,,,,,,,,,,,
IRN,Iran,Inflows of foreign population by nationality,Total,Finland,221,2006,,,,,,,,,,,,,
IRN,Iran,Inflows of foreign population by nationality,Total,Korea,217,2010,,,,,,,,,,,,,
IRN,Iran,Inflows of foreign population by nationality,Total,Finland,215,2005,,,,,,,,,,,,,
IRN,Iran,Inflows of foreign population by nationality,Total,Spain,212,2003,,,,,,,,,,,,,
IRN,Iran,Inflows of foreign population by nationality,Total,Korea,211,2012,,,,,,,,,,,,,
IRN,Iran,Inflows of foreign population by nationality,Total,Denmark,210,2008,,,,,,,,,,,,,
IRN,Iran,Inflows of foreign population by nationality,Total,Finland,209,2010,,,,,,,,,,,,,
IRN,Iran,Inflows of foreign population by nationality,Total,New Zealand,206,2009,,,,,,,,,,,,,
IRN,Iran,Inflows of foreign population by nationality,Total,Korea,203,2007,,,,,,,,,,,,,
IRN,Iran,Inflows of foreign population by nationality,Total,Denmark,197,2005,,,,,,,,,,,,,
IRN,Iran,Inflows of foreign population by nationality,Total,Poland,197,2016,,,,,,,,,,,,,
IRN,Iran,Inflows of foreign population by nationality,Total,Denmark,193,2004,,,,,,,,,,,,,
IRN,Iran,Inflows of foreign population by nationality,Total,New Zealand,191,2008,,,,,,,,,,,,,
IRN,Iran,Inflows of foreign population by nationality,Total,Czech Republic,189,2018,,,,,,,,,,,,,
IRN,Iran,Inflows of foreign population by nationality,Total,Finland,189,2007,,,,,,,,,,,,,
IRN,Iran,Inflows of foreign population by nationality,Total,Hungary,188,2005,,,,,,,,,,,,,
IRN,Iran,Inflows of foreign population by nationality,Total,Israel,184,2007,,,,,,,,,,,,,
IRN,Iran,Inflows of foreign population by nationality,Total,Israel,182,2002,,,,,,,,,,,,,
IRN,Iran,Inflows of foreign population by nationality,Total,Poland,181,2015,,,,,,,,,,,,,
IRN,Iran,Inflows of foreign population by nationality,Total,New Zealand,178,2006,,,,,,,,,,,,,
IRN,Iran,Inflows of foreign population by nationality,Total,Spain,177,2002,,,,,,,,,,,,,
IRN,Iran,Inflows of foreign population by nationality,Total,Poland,174,2013,,,,,,,,,,,,,
IRN,Iran,Inflows of foreign population by nationality,Total,New Zealand,167,2004,,,,,,,,,,,,,
IRN,Iran,Inflows of foreign population by nationality,Total,Finland,160,2000,,,,,,,,,,,,,
IRN,Iran,Inflows of foreign population by nationality,Total,Estonia,154,2019,,,,,,,,,,,,,
IRN,Iran,Inflows of foreign population by nationality,Total,New Zealand,153,2007,,,,,,,,,,,,,
IRN,Iran,Inflows of foreign population by nationality,Total,Korea,152,2009,,,,,,,,,,,,,
IRN,Iran,Inflows of foreign population by nationality,Total,Finland,150,2009,,,,,,,,,,,,,
IRN,Iran,Inflows of foreign population by nationality,Total,Israel,143,2004,,,,,,,,,,,,,
IRN,Iran,Inflows of foreign population by nationality,Total,Poland,132,2012,,,,,,,,,,,,,
IRN,Iran,Inflows of foreign population by nationality,Total,Denmark,130,2007,,,,,,,,,,,,,
IRN,Iran,Inflows of foreign population by nationality,Total,Czech Republic,127,2017,,,,,,,,,,,,,
IRN,Iran,Inflows of foreign population by nationality,Total,Poland,126,2011,,,,,,,,,,,,,
IRN,Iran,Inflows of foreign population by nationality,Total,Israel,123,2005,,,,,,,,,,,,,
IRN,Iran,Inflows of foreign population by nationality,Total,Israel,121,2003,,,,,,,,,,,,,
IRN,Iran,Inflows of foreign population by nationality,Total,Poland,111,2010,,,,,,,,,,,,,
IRN,Iran,Inflows of foreign population by nationality,Total,Luxembourg,95,2019,,,,,,,,,,,,,
IRN,Iran,Inflows of foreign population by nationality,Total,Poland,89,2014,,,,,,,,,,,,,
IRN,Iran,Inflows of foreign population by nationality,Total,Israel,82,2013,,,,,,,,,,,,,
IRN,Iran,Inflows of foreign population by nationality,Total,Czech Republic,79,2010,,,,,,,,,,,,,
IRN,Iran,Inflows of foreign population by nationality,Total,Luxembourg,79,2015,,,,,,,,,,,,,
IRN,Iran,Inflows of foreign population by nationality,Total,Israel,76,2018,,,,,,,,,,,,,
IRN,Iran,Inflows of foreign population by nationality,Total,Luxembourg,75,2018,,,,,,,,,,,,,
IRN,Iran,Inflows of foreign population by nationality,Total,Israel,74,2006,,,,,,,,,,,,,
IRN,Iran,Inflows of foreign population by nationality,Total,Czech Republic,73,2016,,,,,,,,,,,,,
IRN,Iran,Inflows of foreign population by nationality,Total,Poland,73,2009,,,,,,,,,,,,,
IRN,Iran,Inflows of foreign population by nationality,Total,Czech Republic,68,2007,,,,,,,,,,,,,
IRN,Iran,Inflows of foreign population by nationality,Total,Poland,68,2008,,,,,,,,,,,,,
IRN,Iran,Inflows of foreign population by nationality,Total,Estonia,68,2018,,,,,,,,,,,,,
IRN,Iran,Inflows of foreign population by nationality,Total,Israel,67,2019,,,,,,,,,,,,,
IRN,Iran,Inflows of foreign population by nationality,Total,Slovenia,67,2019,,,,,,,,,,,,,
IRN,Iran,Inflows of foreign population by nationality,Total,Czech Republic,66,2015,,,,,,,,,,,,,
IRN,Iran,Inflows of foreign population by nationality,Total,Czech Republic,64,2009,,,,,,,,,,,,,
IRN,Iran,Inflows of foreign population by nationality,Total,Poland,64,2007,,,,,,,,,,,,,
IRN,Iran,Inflows of foreign population by nationality,Total,Czech Republic,63,2014,,,,,,,,,,,,,
IRN,Iran,Inflows of foreign population by nationality,Total,Luxembourg,59,2017,,,,,,,,,,,,,
IRN,Iran,Inflows of foreign population by nationality,Total,Czech Republic,58,2013,,,,,,,,,,,,,
IRN,Iran,Inflows of foreign population by nationality,Total,Luxembourg,55,2016,,,,,,,,,,,,,
IRN,Iran,Inflows of foreign population by nationality,Total,Czech Republic,54,2008,,,,,,,,,,,,,
IRN,Iran,Inflows of foreign population by nationality,Total,Luxembourg,50,2010,,,,,,,,,,,,,
IRN,Iran,Inflows of foreign population by nationality,Total,Poland,49,2006,,,,,,,,,,,,,
IRN,Iran,Inflows of foreign population by nationality,Total,Luxembourg,48,2012,,,,,,,,,,,,,
IRN,Iran,Inflows of foreign population by nationality,Total,Israel,48,2008,,,,,,,,,,,,,
IRN,Iran,Inflows of foreign population by nationality,Total,Israel,46,2011,,,,,,,,,,,,,
IRN,Iran,Inflows of foreign population by nationality,Total,Israel,45,2009,,,,,,,,,,,,,
IRN,Iran,Inflows of foreign population by nationality,Total,Iceland,44,2019,,,,,,,,,,,,,
IRN,Iran,Inflows of foreign population by nationality,Total,Luxembourg,44,2005,,,,,,,,,,,,,
IRN,Iran,Inflows of foreign population by nationality,Total,Poland,40,2005,,,,,,,,,,,,,
IRN,Iran,Inflows of foreign population by nationality,Total,Iceland,39,2018,,,,,,,,,,,,,
IRN,Iran,Inflows of foreign population by nationality,Total,Israel,39,2010,,,,,,,,,,,,,
IRN,Iran,Inflows of foreign population by nationality,Total,Czech Republic,38,2006,,,,,,,,,0,,,,
IRN,Iran,Inflows of foreign population by nationality,Total,Israel,37,2012,,,,,,,,,,,,,
IRN,Iran,Inflows of foreign population by nationality,Total,Czech Republic,35,2012,,,,,,,,,,,,,
IRN,Iran,Inflows of foreign population by nationality,Total,Israel,35,2015,,,,,,,,,,,,,
IRN,Iran,Inflows of foreign population by nationality,Total,Israel,34,2016,,,,,,,,,,,,,
IRN,Iran,Inflows of foreign population by nationality,Total,Iceland,33,2016,,,,,,,,,,,,,
IRN,Iran,Inflows of foreign population by nationality,Total,Estonia,33,2017,,,,,,,,,,,,,
IRN,Iran,Inflows of foreign population by nationality,Total,Luxembourg,32,2006,,,,,,,,,,,,,
IRN,Iran,Inflows of foreign population by nationality,Total,Luxembourg,32,2011,,,,,,,,,,,,,
IRN,Iran,Inflows of foreign population by nationality,Total,Luxembourg,30,2008,,,,,,,,,,,,,
IRN,Iran,Inflows of foreign population by nationality,Total,Mexico,30,2015,,,,,,,,,,,,,
IRN,Iran,Inflows of foreign population by nationality,Total,Chile,29,2015,,,,,,,,,,,,,
IRN,Iran,Inflows of foreign population by nationality,Total,Luxembourg,28,2007,,,,,,,,,,,,,
IRN,Iran,Inflows of foreign population by nationality,Total,Luxembourg,28,2009,,,,,,,,,,,,,
IRN,Iran,Inflows of foreign population by nationality,Total,Luxembourg,28,2013,,,,,,,,,,,,,
IRN,Iran,Inflows of foreign population by nationality,Total,Mexico,28,2011,,,,,,,,,,,,,
IRN,Iran,Inflows of foreign population by nationality,Total,Slovenia,28,2015,,,,,,,,,,,,,
IRN,Iran,Inflows of foreign population by nationality,Total,Czech Republic,27,2011,,,,,,,,,,,,,
IRN,Iran,Inflows of foreign population by nationality,Total,Israel,27,2014,,,,,,,,,,,,,
IRN,Iran,Inflows of foreign population by nationality,Total,Czech Republic,26,2005,,,,,,,,,,,,,
IRN,Iran,Inflows of foreign population by nationality,Total,Luxembourg,26,2004,,,,,,,,,,,,,
IRN,Iran,Inflows of foreign population by nationality,Total,Mexico,26,2013,,,,,,,,,,,,,
IRN,Iran,Inflows of foreign population by nationality,Total,Czech Republic,25,2003,,,,,,,,,,,,,
IRN,Iran,Inflows of foreign population by nationality,Total,Estonia,25,2016,,,,,,,,,,,,,
IRN,Iran,Inflows of foreign population by nationality,Total,Luxembourg,24,2003,,,,,,,,,,,,,
IRN,Iran,Inflows of foreign population by nationality,Total,Slovenia,24,2018,,,,,,,,,,,,,
IRN,Iran,Inflows of foreign population by nationality,Total,Mexico,23,2017,,,,,,,,,,,,,
IRN,Iran,Inflows of foreign population by nationality,Total,Slovenia,23,2016,,,,,,,,,,,,,
IRN,Iran,Inflows of foreign population by nationality,Total,Luxembourg,22,2014,,,,,,,,,,,,,
IRN,Iran,Inflows of foreign population by nationality,Total,Estonia,22,2015,,,,,,,,,,,,,
IRN,Iran,Inflows of foreign population by nationality,Total,Chile,21,2014,,,,,,,,,,,,,
IRN,Iran,Inflows of foreign population by nationality,Total,Slovenia,21,2017,,,,,,,,,,,,,
IRN,Iran,Inflows of foreign population by nationality,Total,Luxembourg,20,2000,,,,,,,,,,,,,
IRN,Iran,Inflows of foreign population by nationality,Total,Mexico,20,2014,,,,,,,,,,,,,
IRN,Iran,Inflows of foreign population by nationality,Total,Chile,20,2013,,,,,,,,,,,,,
IRN,Iran,Inflows of foreign population by nationality,Total,Chile,20,2016,,,,,,,,,,,,,
IRN,Iran,Inflows of foreign population by nationality,Total,Slovak Republic,19,2004,,,,,,,,,,,,,
IRN,Iran,Inflows of foreign population by nationality,Total,Slovenia,19,2014,,,,,,,,,,,,,
IRN,Iran,Inflows of foreign population by nationality,Total,Israel,18,2017,,,,,,,,,,,,,
IRN,Iran,Inflows of foreign population by nationality,Total,Czech Republic,16,2004,,,,,,,,,,,,,
IRN,Iran,Inflows of foreign population by nationality,Total,Iceland,16,2015,,,,,,,,,,,,,
IRN,Iran,Inflows of foreign population by nationality,Total,Mexico,16,2016,,,,,,,,,,,,,
IRN,Iran,Inflows of foreign population by nationality,Total,Luxembourg,15,2001,,,,,,,,,,,,,
IRN,Iran,Inflows of foreign population by nationality,Total,Luxembourg,15,2002,,,,,,,,,,,,,
IRN,Iran,Inflows of foreign population by nationality,Total,Mexico,15,2007,,,,,,,,,,,,,
IRN,Iran,Inflows of foreign population by nationality,Total,Mexico,15,2012,,,,,,,,,,,,,
IRN,Iran,Inflows of foreign population by nationality,Total,Mexico,12,2008,,,,,,,,,,,,,
IRN,Iran,Inflows of foreign population by nationality,Total,Mexico,12,2010,,,,,,,,,,,,,
IRN,Iran,Inflows of foreign population by nationality,Total,Mexico,12,2018,,,,,,,,,,,,,
IRN,Iran,Inflows of foreign population by nationality,Total,Slovak Republic,12,2003,,,,,,,,,,,,,
IRN,Iran,Inflows of foreign population by nationality,Total,Slovak Republic,12,2005,,,,,,,,,,,,,
IRN,Iran,Inflows of foreign population by nationality,Total,Slovenia,12,2008,,,,,,,,,,,,,
IRN,Iran,Inflows of foreign population by nationality,Total,Iceland,11,2012,,,,,,,,,,,,,
IRN,Iran,Inflows of foreign population by nationality,Total,Mexico,11,2019,,,,,,,,,,,,,
IRN,Iran,Inflows of foreign population by nationality,Total,Slovak Republic,11,2019,,,,,,,,,,,,,
IRN,Iran,Inflows of foreign population by nationality,Total,Slovenia,11,2012,,,,,,,,,,,,,
IRN,Iran,Inflows of foreign population by nationality,Total,Iceland,10,2011,,,,,,,,,,,,,
IRN,Iran,Inflows of foreign population by nationality,Total,Iceland,10,2014,,,,,,,,,,,,,
IRN,Iran,Inflows of foreign population by nationality,Total,Iceland,10,2017,,,,,,,,,,,,,
IRN,Iran,Inflows of foreign population by nationality,Total,Mexico,10,2009,,,,,,,,,,,,,
IRN,Iran,Inflows of foreign population by nationality,Total,Chile,10,2005,,,,,,,,,,,,,
IRN,Iran,Inflows of foreign population by nationality,Total,Estonia,10,2013,,,,,,,,,,,,,
IRN,Iran,Inflows of foreign population by nationality,Total,Latvia,10,2018,,,,,,,,,,,,,
IRN,Iran,Inflows of foreign population by nationality,Total,Chile,9,2002,,,,,,,,,,,,,
IRN,Iran,Inflows of foreign population by nationality,Total,Slovenia,9,2013,,,,,,,,,,,,,
IRN,Iran,Inflows of foreign population by nationality,Total,Iceland,8,2007,,,,,,,,,,,,,
IRN,Iran,Inflows of foreign population by nationality,Total,Chile,8,2000,,,,,,,,,,,,,
IRN,Iran,Inflows of foreign population by nationality,Total,Slovenia,8,2011,,,,,,,,,,,,,
IRN,Iran,Inflows of foreign population by nationality,Total,Iceland,7,2006,,,,,,,,,,,,,
IRN,Iran,Inflows of foreign population by nationality,Total,Iceland,7,2013,,,,,,,,,,,,,
IRN,Iran,Inflows of foreign population by nationality,Total,Slovak Republic,7,2006,,,,,,,,,,,,,
IRN,Iran,Inflows of foreign population by nationality,Total,Slovak Republic,7,2010,,,,,,,,,,,,,
IRN,Iran,Inflows of foreign population by nationality,Total,Slovak Republic,7,2015,,,,,,,,,,,,,
IRN,Iran,Inflows of foreign population by nationality,Total,Chile,7,2006,,,,,,,,,,,,,
IRN,Iran,Inflows of foreign population by nationality,Total,Chile,7,2007,,,,,,,,,,,,,
IRN,Iran,Inflows of foreign population by nationality,Total,Chile,7,2012,,,,,,,,,,,,,
IRN,Iran,Inflows of foreign population by nationality,Total,Slovenia,7,2010,,,,,,,,,,,,,
IRN,Iran,Inflows of foreign population by nationality,Total,Iceland,6,2003,,,,,,,,,,,,,
IRN,Iran,Inflows of foreign population by nationality,Total,Iceland,6,2010,,,,,,,,,,,,,
IRN,Iran,Inflows of foreign population by nationality,Total,Chile,6,2008,,,,,,,,,,,,,
IRN,Iran,Inflows of foreign population by nationality,Total,Chile,6,2011,,,,,,,,,,,,,
IRN,Iran,Inflows of foreign population by nationality,Total,Latvia,6,2019,,,,,,,,,,,,,
IRN,Iran,Inflows of foreign population by nationality,Total,Iceland,5,2008,,,,,,,,,,,,,
IRN,Iran,Inflows of foreign population by nationality,Total,Slovak Republic,5,2018,,,,,,,,,,,,,
IRN,Iran,Inflows of foreign population by nationality,Total,Chile,5,2001,,,,,,,,,,,,,
IRN,Iran,Inflows of foreign population by nationality,Total,Chile,5,2009,,,,,,,,,,,,,
IRN,Iran,Inflows of foreign population by nationality,Total,Estonia,5,2011,,,,,,,,,,,,,
IRN,Iran,Inflows of foreign population by nationality,Total,Estonia,5,2012,,,,,,,,,,,,,
IRN,Iran,Inflows of foreign population by nationality,Total,Estonia,5,2014,,,,,,,,,,,,,
IRN,Iran,Inflows of foreign population by nationality,Total,Slovenia,5,2007,,,,,,,,,,,,,
IRN,Iran,Inflows of foreign population by nationality,Total,Slovak Republic,4,2012,,,,,,,,,,,,,
IRN,Iran,Inflows of foreign population by nationality,Total,Slovak Republic,4,2016,,,,,,,,,,,,,
IRN,Iran,Inflows of foreign population by nationality,Total,Slovenia,4,2009,,,,,,,,,,,,,
IRN,Iran,Inflows of foreign population by nationality,Total,Iceland,3,2009,,,,,,,,,,,,,
IRN,Iran,Inflows of foreign population by nationality,Total,Slovak Republic,3,2009,,,,,,,,,,,,,
IRN,Iran,Inflows of foreign population by nationality,Total,Slovak Republic,3,2013,,,,,,,,,,,,,
IRN,Iran,Inflows of foreign population by nationality,Total,Slovak Republic,3,2014,,,,,,,,,,,,,
IRN,Iran,Inflows of foreign population by nationality,Total,Slovak Republic,3,2017,,,,,,,,,,,,,
IRN,Iran,Inflows of foreign population by nationality,Total,Chile,3,2004,,,,,,,,,,,,,
IRN,Iran,Inflows of foreign population by nationality,Total,Estonia,3,2008,,,,,,,,,,,,,
IRN,Iran,Inflows of foreign population by nationality,Total,Iceland,2,2001,,,,,,,,,,,,,
IRN,Iran,Inflows of foreign population by nationality,Total,Iceland,2,2004,,,,,,,0,,,,,,
IRN,Iran,Inflows of foreign population by nationality,Total,Iceland,2,2005,,,,,,,0,,,,,,
IRN,Iran,Inflows of foreign population by nationality,Total,Slovak Republic,2,2008,,,,,,,,,,,,,
IRN,Iran,Inflows of foreign population by nationality,Total,Chile,2,2010,,,,,,,,,,,,,
IRN,Iran,Inflows of foreign population by nationality,Total,Estonia,2,2009,,,,,,,,,,,,,
IRN,Iran,Inflows of foreign population by nationality,Total,Estonia,2,2010,,,,,,,,,,,,,
IRN,Iran,Inflows of foreign population by nationality,Total,Latvia,2,2017,,,,,,,,,,,,,
IRN,Iran,Inflows of foreign population by nationality,Total,Iceland,1,2000,,,,,,,,,,,,,
IRN,Iran,Inflows of foreign population by nationality,Total,Iceland,1,2002,,,,,,,,,,,,,
IRN,Iran,Inflows of foreign population by nationality,Total,Slovak Republic,1,2007,,,,,,,,,,,,,
IRN,Iran,Inflows of foreign population by nationality,Total,Slovak Republic,1,2011,,,,,,,,,,,,,
IRN,Iran,Inflows of foreign population by nationality,Total,Chile,1,2003,,,,,,,,,,,,,
IRN,Iran,Inflows of foreign population by nationality,Total,Latvia,1,2014,,,,,,,,,,,,,
IRN,Iran,Inflows of foreign population by nationality,Total,Denmark,0,2015,,,,,,,,,,,,,
IRN,Iran,Inflows of foreign population by nationality,Total,Hungary,0,2001,,,,,,,,,,,,,
IRN,Iran,Inflows of foreign population by nationality,Total,Hungary,0,2002,,,,,,,,,,,,,
IRN,Iran,Inflows of foreign population by nationality,Total,Hungary,0,2003,,,,,,,,,,,,,
IRN,Iran,Inflows of foreign population by nationality,Total,Hungary,0,2004,,,,,,,,,,,,,
IRN,Iran,Inflows of foreign population by nationality,Total,Spain,0,2018,,,,,,,,,,,,,
IRN,Iran,Inflows of foreign population by nationality,Total,Spain,0,2019,,,,,,,,,,,,,
IRN,Iran,Inflows of foreign population by nationality,Total,Estonia,0,2004,,,,,,,,,,,,,
IRN,Iran,Inflows of foreign population by nationality,Total,Estonia,0,2005,,,,,,,,,,,,,
IRN,Iran,Inflows of foreign population by nationality,Total,Estonia,0,2006,,,,,,,,,,,,,
IRN,Iran,Inflows of foreign population by nationality,Total,Estonia,0,2007,,,,,,,,,,,,,
